front,back
aṃsa, m	a shoulder
akālika, mn	 non-temporal
akuppa, mn	 unshakable
akusala, mn	 unwholesome
akkhāta, mn	 expounded
akkhātar, m	 an expounder
agāra, n	 (1) home
agga, n	 the top
aggi, m	 fire
agghati, vb	 is worth
aṅga, n	 a factor
acakkhuka, mn	 sightless
acira, mn	 not long after
accaya, m	 a passage
accuggamma, absol	 having emerged from
acchariya, mn	 wondrous
ajjatagge, ind	 from today onward
ajjhattaṃ, ind	 internal(ly)
ajjhattika, mn	 internal
ajjhāvuttha, mn	 inhabited
ajjhupekkhitar, mn	 an equanimous observer
ajjhokāse, ind	 in the open
ajjhosāya, absol	 having held to
ajjhosita, mn	 held to
añjali, m	 salutation [with joined palms]
añjasa, n	 a road
añña, mn	 other
aññatara, mn	 one
aññatitthiya, mn	 belonging to other sects (said of non-Buddhist wanderers)
aññatra, ind	 elsewhere
aññatha, mn	 otherwise
aññathatā, f	 otherwiseness
aññathābhāvin, mn	 becomng otherwise
aññamaññaṃ, ind	 one another
aññā, f	 final knowledge
aññāta, mn	 understood (pp of ājānāti)
aṭṭha, num	 eight
aṭṭhaṅgika, mn	 eightfold
aṭṭhi, n	 a bone
aṇṇava, m	 a flood
ativelaṃ, ind	 excessively
atīta, mn	 the past [period of time]
attan, m	 (1) the self (as a metaphysical entity); (2) oneself (in reflexive sense)
attaniya, n	 what belongs to a self; mn belonging to a self
attamna, mn	 elated
attha, m	 (1) good
atthaṅgama, m	 passing away
atthi, vb	 there is
atthika, mn	 in need of (< attha)
atthitā, f	 existence
atha, ind	 then
adukkhamasukha, mn	 neither painful nor pleasant [feeling]
addhan, m	 a period of time
addhamāsa, m	 a half-mnth
addhāna, n	 a journey [through saṃsāra]
adhikaraṇa, n	 a reason
adhigacchati, vb	 finds
adhigata, mn	 found
adhigama, m	 achievemnt
adhiṭṭhāti, vb	 (1) takes a stand upon; (2) determnes
adhiṭṭhāna, n	 a standpoint
adhippāya (adhippāyāsa?), m	 disparity
adhimatta, mn	 extraordinary
adhimuccati, vb	 (1) is intent on; (2) is convinced of
adhivacana, n	 a designation
adhivāseti, vb	 (1) patiently endures; (2) consents
adhunā, ind	 recently
adho, ind	 downward
anagāriya, n	 homelessness
anata, n	 uninclined
anabhāva, m	 obliteration
anamatagga, mn	 without knowable beginning (said of saṃsāra; etymology uncertain)
anaya, m	 misery
anavajja, mn	 blameless
anāgata, mn	 the future [period of time]
anāgāmn, mf	a non-returner
anālaya, m	 non-attachmnt
anāsava, mn	 without influxes
anicca, mn	 impermnent
anītika, mn	 unailing
anukampaka, mn	 compassionate
anukampā, f	 compassion
anuga, mn	 one following
anugacchati, vb	 follows
anuggaha, m	 assistance
anucaṅkamati, vb	 walks around
anuṭṭhita, mn	 stabilized
anuttara, mn	 unsurpassed
anudayatā, f	 sympathy
anudahati, anuḍahati
anudhamma,	 in accordance with [the Dhamma] (at beginning of compounds)
anupagamma, ind	 not having approached (neg. absol. of upagacchati)
anupabbajjā, f	 going forth after
anuparidhāvati, vb	 runs around
anuparivattati, vb	 revolves around
anupassin, mn	 contemplating (ifc)
anupāta, m	 a consequence [of an assertion]
anupādā, anupādāya
anuppatta, mn	 reached
anubandhati, vb	 follows
anubuddha, mn	 understood (pp of anubujjhati)
anubodha, m	 understanding
anumodati, vb	 rejoices in
anuyāta, mn	 traveled
anuvattati, vb	 follows
anuvicarati, vb	 wanders around
anuvitakketi, vb	 thinks over
anuvidhīyati, vb	 submits to
anuviloketi, vb	 looks around
anusañcarati, vb	 wanders around
anusaya, m	 a tendency
anusāsanī, f	 instruction
anussati, f	 recollection
anussarati, vb	 recollects
anussuta, mn	 heard
aneka, mn	 mny
anta, m	 (1) end; (2) extreme; (3) side
antamaso, ind	 even
antara, mn	 internal
antarena, ind	 in between
antima, mn	 final
antevāsin, mf	 an apprentice
anto, ind	 inside
andha, n	 blindness; mn. blind
andhakāra, m	 darkness
apacaya, m	 decline
apara, mn	 (1) further
aparisesa, mn	 without remainder
apaloketi, vb	 takes leave of
apāya, m	 misery (collective name for the bad realms of rebirth)
appaṭivānī, f	 persistence (not giving up
appamatta, mn	 heedful
appamattaka, mn	 few
appamāṇa, mn	 measureless
abbhācikkhati, vb	 misrepresents
abbhuta, mn	 marvelous
abbhussakkati, abbhussukkati
abhikkanta, mn	 gone forward
abhikkama, m	 advance
abhikkamati, vb	 advances
abhijānāti, vb	 directly knows (aor. abbhaññāsi)
abhijjhati, vb	 longs for
abhijjhā, f	 longing
abhiññā¹, f	 direct knowledge
abhiññā², ind	 having directly known (absol. of abhijānāti)
abhitatta, mn	 scorched
abhinandati, vb	 delights in
abhinandita, mn	 delighted in
abhinandin, mn	 delighting in (ifc)
abhinibbatti, f	 production
abhinivesa, m	 adherence
abhibhavati, vb	 overcomes
abhiramati, vb	 delights in
abhiruhati, vb	 climbs up
abhivadati, vb	 welcomes
abhivādeti, vb	 pays homage to
abhivihacca, ind	 having dispersed
abhisaṅkhata, mn	 volitionally generated
abhisaṅkharoti, vb	 generates (through volitional activity); instigates volitional activity
abhisañcetayita, mn	 volitionally produced
abhisañceteti, vb	 volitionally produces
abhisamaya, m	 breakthrough
abhisameta, mn	 broken through
abhisameti, vb	 makes a breakthrough
abhisambujjhati, vb	 becomes fully enlightened
abhisambuddha, mn	 fully enlightened
abhihaṃsati, vb	 rejoices in
abhiharati, vb	 carries
amacca, m	 a companion
amata, n	 the deathless
amnussa, m	 non-human (usually referring to a spirit or demn)
ambho, ind	 exclamatory particle used to attract attention
arati, f	 discontent
arahat, m	 “a worthy one
arahati, vb	 is worthyariya
aru, n	 a wound
aruṇa, m	 the dawn
alaṃ, ind	 fitting
alla, mn	 wet
avacara, m	 a sphere
avasiṭṭha, mn	 remained
avasissati, vb	 remains
avijjā, f	 ignorance
avidūre, ind	 not far
avihiṃsā, f	 harmlessnessavecca
avoca, avocuṃ
avyagga, m	 non-diffusion
asaṅkhata, n	 unconditioned
asāraka, mn	 insubstantial
asi, m	 a sword
asita, mn	 eaten
asuci, mn	 impure
asesa, mn	 without remainder
asmimna, m	 the conceit “I am”
assāda, m	 enjoymnt
assāsa, m	 comfort
assutavat, mn	 unlearned
aha (aho), n	 a day
ahaṅkāra, m	 I-making
ahi, m	 a snake
ākaṅkhati, vb	 wishes
ākiṇṇa, mn	 filled with
ākāsa, m	 space
āgata, mn	 come
āgamma, ind	 relying upon
ācaya, m	 growth
ācariya, m	 a teacher
ācāra, m	 behavior
ācikkhaṇā, f	 pointing out
ācikkhati, vb	 points out
ājānāti, vb	 understands
ājīva, m	 livelihood
ātapa, m	 the sun’s heat
ātāpin, mn	 ardent
ādāna, n	 [act of] taking
ādāya, absol	 having taken
ādi, m	 beginning
ādicca, m	 the sun
āditta, mn	 burning
ādīnava, m	 a danger
ānisaṃsa, m	 a benefit
āneñja, n	 imperturbable state; mn. imperturbable
āpajjati, vb	 enters upon
āpas, n	 water
āpānīyakaṃsa, m	 a goblet [filled with a beverage]
ābādha, m	 an affliction
ābādhika, mn	 afflicted
āmnteti, vb	 addresses
āmisa, n	 (1) carnal pleasure; (2) bait
āyatiṃ, ind	 in the future
āyasmat, m	 venerable (respectful appellation of a mnk)
āyu, n	 life
ārakā, ind	 from afar
āraddha, mn	 aroused
ārabbha, ind	 with reference to
ārabhati, vb	 arousesārambha
ārammaṇa, n	 a basis
ārādhaka, m	 one who achieves
ārādheti, vb	 satisfies
ārāma, m	 (1) delight; (2) a park
ārogya, n	 health
āroceti, vb	 reports
āropeti, vb	 picks up
āloka, m	 light
ālokita, mn	 looked ahead
āvaṭṭa, m	 a whirlpool
āvattati, vb	 reverts
āvahati, vb	 carries along
āviñjati, vb	 pulls
āvuso, m	 sg. and pl. voc. “friend” (polite but friendly form of address)
āsana, n	 a seat
āsabha, m	 a bull; mn. bull-like
āsaya, m	 a lair
āsava, m	 an influx
āsiñcati, vb	 pours
āsītika, mn	 eighty (said of person’s age)
āsevanā, f	 regular practice
āha, vb	 says
āharati, vb	 brings
āhāra, m	 nutrimnt
āhāreti, vb	 consumes [food]
āhuneyya, mn	 worthy of gifts
iṭṭha, mn	 wished for
iti, ind	 thus
ito, ind	 from here
ittha, ind	 thusitthatta
idappaccayatā, f	 specific conditionality
idāni, ind	 now
iddha, mn	 successful
idha, ind	 here
inda, m	 a lord
indriya, n	 a faculty
ukkhitta, mn	 uplifted
ucca, mn	 high
uccāra, m	 fecesucchinna
uju, mn	 straight
ujjāleti, vb	 to cause to blaze
uṭṭhāya, ind	 having risen
uṇha, mn	 hot
utu, m	 a season
uttariṃ, ind	 further
uttāna, mn	 elucidated
uttānīkamma, n	 elucidation
uttānīkaroti, vb	 elucidate
sudāharati, vb	 utters
udeti, vb	 rises
uddāpa, m	 a mound
uddesika, mn	 dependent on
uddhaṃ, ind	 upward
uddhacca, n	 restlessness
uddhata, mn	 excited
uddharati, vb	 removes
udraya, mn	 outcome (usually ifc)
upaga, mn	 approached
upagacchati, vb	 approaches
upaṭṭhāka, m	 an attendant
upaṭṭhita, mn	 established
upaḍḍha, n	
upatiṭṭhati, vb	 stands near
upadhi, m	 an acquisition
upanikkhitta, mn	 placed
upanikkhipati, vb	 places
upanidhā, f	 comparison
upanidhāya, ind	 compared with
upanipajjati, vb	 lies down near
upanibaddha, mn	 bound
upanibandhati, vb	 ties
upanisīdati, vb	 sits near
upapajjati, vb	 is reborn
upaparikkhati, vb	 investigates
upamā, f	 a simile
upaya, m	 involvemnt
upari, ind	 above
upalitta, mn	 tainted
upasaṃhita, mn	 connected with (ifc)
upasaṅkamati, vb	 approaches
upasaṅkamna, n	 approaching
upasama, m	 peace
upasampajjati, vb	 enters
upasampadā, f	 ordination [into the mnastic Sangha]
upasussati, vb	 dries up
upahāra, m	 presentation
upādāna, n	 (1) clinging; (2) sustenance
upādāya, ind	 on account of
upādiyati, vb	 clings
upāyāsa, m	 misery
upārambha, m	 condemnation
upekkhā, f	 equanimity
upeti, vb	 approaches
uposatha, m	 the religious observance day (untranslated)
uppajjati, vb	 arises (aor. udapādi)
uppanna, mn	 arisen
uppala, n	 a blue lotus
uppāda, m	 arising
uppādetar, m	 an originator
ubhaya, n	
ummagga, m	 a wrong path
ummujjati, vb	 emerges
uyyāna, n	 a garden
usīra, n	 a particular kind of grass
usmā, f	 heat
ussāda, m	 being cast up
ussāpeti, vb	 sets up
ussāha, m	 zeal
ussīdati, vb	 is cast up
ussussati, vb	 dries up
ussoḷhī, f	 enthusiasm
ūmi, f	 a wave
eka, num	
ekagga, mn	 one-pointed
ekacca, mn	 some
ekodibhūta, mn	 unified
etarahi, ind	 now
eti, vb	 comes
ettaka, mn	 this much
ettāvatā, ind	 in this way
ettha, ind	 here
thiseva, ind	 just
evaṃ, ind	 thus
esin, mn	 seeking (ifc)
ehipassika, mn	 inviting one to come and see
okāsa, m	 (1) an open space; (2) an opportunity
okirati, vb	 sprinkles
oja, m	 sap
oḍḍita, mn	 trapped
oḍḍeti, vb	 sets up a trap
otarati, vb	 descends into
odāta, mn	 white
opanayika, mn	 applicable
opunāti, vb	 winnows
obhāsa, m	 radiance
orambhāgiya, mn	 lower
orima, mn	 near [shore or bank of a river]
orohati, vb	 descends
oḷārika, mn	 gross
ossajjati, vb	 lets go
ohita, mn	 laid down
kaṅkhati, vb	 is perplexed
kacci, ind	 an interrog. particle expressing doubt
kaṭṭha, n	 a log
kaṇṭaka, m	 a thorn
kaṇha, mn	 dark
kata, mn	 done
katama, mn	
kathaṃ, ind	
kathā, f	 talk
kathika, mn	 a speakerkatheti
kadali, f	 a plantain
kadāci, ind	 rarely
kanta, mn	 desired
kapalla, n	 shard
kapāla, m	 a begging bowl
kappeti, vb	 arranges
kabaliṅkāra, mn	 “made into a ball
kamnīya, mn	 lovely
kamma, n	 action
kammnta, m	 actionkammāsa
karaṇīya, mn	 should be done
karīsa, n	 feces
karoti, vb	 does
kalandaka, m	 a squirrel
kalā, f	 a fraction (often a sixteenth part)
kalyāṇa, mn	 good
kalyāṇī, f	 a beautiful womn
kalla, n	 what is fit
kasati, vb	 plowskassaka
kāma, m	 sensuality
kāmaṃ, ind	 willingly
kāya, m	 the body
kāra, m	 a deed [of service]
kārin, mn	 one who acts (ifc)
kāla, m	 time
kāḷa, mn	 black
kāsāva, n	 an ochre robe
kiṃ, n	
kiccha, n	 trouble
kiñci, ind	 something
kittāvatā, ind	
kinti, ind	
kira, ind	 indeed
kiriyā, f	 activity
kilanta, mn	 fatigued
kilamatha, m	 fatigue
kukkucca, n	 regret
kukkura, m	 a dog
kuṭhārī, f	 an axekuto
kudāssu, ind	
kuddāla, m	 a shovel
kumbha, m	 a pot
kumbhakāra, m	 a potter
kummagga, m	 a bad path
kusa, m	 kusa grass
kusala, mn	 wholesome
kusīta, mn	 lazy
kūṭa, m	 a peakkevala
koṭi, f	 a point
kovida, mn	 skilled
khaṇḍa, n	 a piece; mn. broken
khaṇḍākhaṇḍikaṃ, ind	 [broken] into pieces
khattuṃ, ind	 “times” (ifc with num.)
khanti, f	 patience
khandha, m	 (1) aggregate; (2) mass; (3) trunk (of tree)
khamnīya, n	 bearing up
khaya, m	 destruction
khara, mn	 terrible
khāyati, vb	 appears
khāyita, mn	 eaten
khitta, mn	 thrown
khippaṃ, ind	 quickly
khīṇa, mn	 destroyed
khīla, m	 a post
khetta, n	 a field
khema, n	 security
kho, ind	 (1) a mere expletive; (2) marker of a change of subject or a further stage in a narrative
gaṇṭhi, m	 a knot
gaṇhāti, vb	 grasps
gata, mn	 gone
gati, f	 range
gatta, n	 body
gaddula, m	 a leash
gandha, m	 odor
gambhīra, mn	 deep
gavesin, mn	 seeking (ifc)
gahana, n	 a thicket
gahapati, m	 a householder
gahita, mn	 taken
gāma, m	 a village
gāmn, mn	 going (to)
gāyati, vb	 sings
gārayha, mn	 deserving criticism
gāvo, m	 pl. cows
gāha, mn	 (1) seizing
gāheti, vb	 acquires (caus. of gaṇhāti)
giddhin, mn	 having a longing for
gimhāna, n	 the hot season; mn of the hot season
gilati, vb	 swallowsgilāna
gilita, mn	 swallowed
gihin, m	 a laymn
gīta, n	 singing
gīva, n	 the neck
guṇa, m	 quality
gutta, mn	 guarded
gelañña, n	 an illness
go, m	 a cow; pl. gāvo
gocara, m	 a range
gopālaka, m	 a cowherd
gomaya, n	 cow dung
ghamma, m	 heat
ghāna, n	 the nose
ca, ind	 (1) and (conjunctive particle); (2) but (disjunctive particle)
cakka, n	 a wheel
cakkhu, n	 the eye
cakkhumat, mn	 clear-sighted
cajati, vb	 (1) gives up
caṇḍālavaṃsa, m	 a bamboo pole (used in an acrobatic feat)
caṇḍālavaṃsika, m	 an acrobat
catuttha, mn	 fourth
catummahāpatha, m	 a crossroads
catur, num	 four (cattāro
canda, m	 the moon
candima, m	 the moon
caraṇa, n	 conduct
cariyā, f	 conduct (ifc)
cala, mn	 moving
cavati, vb	 passes away
cāga, m	 giving up
cātummahābhūtika, mn	 consisting of the four great elemnts
cārī, m	 or f. traveling
citta, n	 the mnd
cira, mn	 long (of time); ciraṃ (ind.) for a long time
cīvara, n	 a robe
ce, ind	 if
cetanā, f	 volition
cetas, n	 the mnd
cetasika, mn	 mntal
ceteti, vb	 intends
cela, n	 a cloth
chaḍḍeti, vb	 throws away
chanda, m	 desire
chādeti, vb	 pleases
chidda, mn	 torn
chindati, vb	 cuts
jajjara, mn	 dilapidated
jana, m	 people
janapada, m	 a country
janeti, vb	 generates
jarā, f	 old age
jalati, vb	 burns
jāgarita, mn	 awake
jāta, n	 kind
jāti, f	 birth
jātika, mn	 of such a kind (ifc)
jānāti, vb	 knows
jāyati, vb	 is born
jiṇṇa, mn	 old
jivhā, f	 the tongue
jīyati, vb	 grows old
jīvati, vb	 lives
jīvita, n	 life
jhatta, mn	 weakened (pp of jhāyati
jhāna, n	 a meditative absorption (untranslated)
jhāyati¹, vb	 meditates
jhāyati², vb	 burns
ñāṇa, n	 knowledge
ñāti, m	 a relative
ñāya, m	 a method
ṭhāti, vb	 stands (also tiṭṭhati)
ṭhāna, n	 a place
ṭhānīya, mn	 basis for (ifc)
ṭhita, mn	 stood
ṭhitatā, f	 stability
ṭhiti, f	 (1) stability
ṭhitika, mn	 subsistent on
ḍayhati, vb	 is burnt
ḍahati, vb	 burns
taggha, ind	 surely
taca, m	 skin
tajja, mn	 appropriate
taṇhā, f	 craving
tatiya, mn	 third
tato, ind	 from that
tatonidānaṃ, ind	 because of that
tattha, ind	 there
tatra, ind	 there
tatha, mn	 real
tathatā, f	 reality
tathā, ind	 thus
tathāgata, m	 an honorific designation of the Buddha (untranslated)
tathārūpa, mn	 such kind of
tandī, f	 lethargy
tapati, vb	 beams
tama, n	 darkness
tasati, vb	 craves
tasita, mn	 thirsty
tasmā, ind	 therefore
tasmātiha, ind	 therefore (often followed by an injunction)
tāṇa, n	 a shelter
tārakā, f	 a star
tāla, m	 a palm tree
ti, num	 three (tayo
tiṇa, n	 grass
tiṇṇa, mn	 crossed over (pp of tarati)
tiṇha, mn	 sharp
tiṭṭhati, vb	 stands
titti, f	 the brim [of a bowl]
timisā, f	 gloom
tiracchānagata, m	 an animal
tiriyaṃ, ind	 across
tīra, n	 a bank [of a river]
tuṇḍa, n	 a beak [of a bird]
tuṇhībhāva, m	 silence
tumhākaṃ, gen	 pl. pron. yours
tena hi, ind	 in that case
tela, n	 oil
thambha, m	 a pillar
thala, n	 high ground
thāma, m	 strength
thīna, n	 dullness
thunati, vb	 moans
sthulla, mn	 big
thoka, mn	 a little
daka [= udaka], n	 water
dakkhiṇeyya, mn	 worthy of offerings
daṭṭhabba, mn	 should be seen
daṇḍa, m	 a stick
dadhi, n	 curds;
dadhimaṇḍaka, m	 whey
damma, mn	 tamable
daḷha, mn	 firm
dassati, vb	 sees
dassana, n	 vision
dassāvin, mn	 a seer (one who sees)
dāni [= idāni], ind	 now
dāma, n	 a harness
dāya, m	 a forest
dāru, n	 wood
diṭṭha, mn	 seen
diṭṭhadhammika, mn	 pertaining to this present life
diṭṭhā, ind	 fortunate
diṭṭhi, f	 a view
dinna, mn	 given
diva, m	 a day
divasa, m	 a day
disā, f	 a quarter
dissati, vb	 is seen
dīgha, mn	 long
dīgharatta, n	 a long time
dīna, mn	 disappointed
dīpa, n	 an island
dukkha, n	 pain
dukkhita, mn	 miserable
dugga, mn	 impassable
duggati, f	 a bad destination [of rebirth]
duccarita, n	 misconduct
dutiya, mn	 second
duddasa, mn	 hard to see
dūre, ind	 far
deva, m	 (1) a celestial being (untranslated); (2) the sky
desa, m	 (1) a place; (2) a point [of doctrine]
desanā, f	 teaching
desita, mn	 taught
deseti, vb	 teaches
domnassa, n	 dejection
dosa, m	 hatred
dvaya, n	 a dyad
dhamma, m	 (1) the Buddha’s teaching; (2) any teaching or doctrine;  (3) what is righteous; (4) mntal object; (5) a thing; (6) a quality
dhātu, f	 an elemnt
dhāraṇa, n	 (1) retaining in mnd
dhāreti, vb	 retains in mnd
dhuva, mn	 lasting
na, ind	 not
nakha, m	 nail [of finger or toe]
nagara, n	 a city
naṅgala, n	 a plow
nacca, n	 dancing
naccati, vb	 dances
natthi, vb	 there is not
natthitā, f	 non-existence
nadati, vb	 roars
nadī, f	 a river
nandi, nandī
nabha, n	 the sky
nava, mn	 new
nahāru, m	 a sinew
nāga, m	 a serpent-like spirit (untranslated)
nāda, m	 a roar
nānā, ind	 different
nānākaraṇa, n	 difference
nāma¹, ind	 (1) by name
nāma², n	 “name” (the set of mntal factors invariably associated with consciousness)
nikkaṅkha, mn	 without perplexity
nikkama, m	 endeavor
nikkhamati, vb	 comes out
nikkhepana, n	 putting down
nigacchati, vb	 undergoes
nigama, m	 a town
nicca, mn	 permnent
nijjhāyati, vb	 ponders
nidassana, mn	 invisible
nidāna, n	 a cause
ninna, mn	 slanting toward (ifc)
nipatati, vb	 falls
nipuṇa, mn	 subtle
nibbāna, n	 the ultimate goal of the Dhamma (untranslated)
nibbāpana, n	 [act of] extinguishing
nibbāpeti, vb	 extinguishes
nibbicikiccha, mn	 without doubt
nibbidā, f	 disenchantmnt
nibbindati, vb	 becomes disenchanted
nimitta, n	 an object
niyata, mf	 fixed [in destiny]
niyāmatā, f	 orderliness
niyyādita, mn	 returned
niyyādeti, vb	 returns
niraya, m	 hell
nirāmisa, mn	 non-sensual
nirujjhati, vb	 ceases
nirodha, m	 cessation
nivāpa, m	 fodder
nivāreti, vb	 restrains
nivisati, vb	 settles down
nivuta, mn	 hindered
nivesana, n	 a residence
niveseti, vb	 settles in
nisinna, mn	 seated
nisīdati, vb	 sits down
nissaṭa, mn	 escaped
nissaraṇa, n	 an escape
nissarati, vb	 escapes
nissāya, ind	 based on (absol. of nissayati)
nissita, mn	 supported by
nīvaraṇa, m	 a hindrance
nu, ind	 an interrog. particle (often followed by kho)
nūna, ind	 (1) surely
nekkhamma, n	 renunciation
netti, f	 a guide
nettika, mn	 guided by
no¹, 1st person pl	 pron. us
no², ind	 no
paṃsu, m	 soil
pakāraka, mn	 of kinds (ifc)
pakāsita, mn	 revealed
pakkamati, vb	 departs
pakkhāyati, vb	 clearly appears
pakkhin, m	 a bird
pakkhipati, vb	 throws
paggaṇhāti, vb	 applies [the mnd]
paccakkhāya, ind	 having disavowed (absol. of paccakkhāti)
paccattaṃ, ind	 personally
paccaya, m	 (1) a condition; (2) a support
paccāsiṃsati, vb	 expects
paccuppanna, mn	 present
pacchā, ind	 (1) later
pacchima, mn	 last
pajahati, vb	 abandons
pajā, f	 population
pajānāti, vb	 understands
pañca, num	 five
paññatta, mn	 (1) made known; (2) prepared (said of a seat)
paññā, f	 wisdom
paññāpanā, f	 making known
paññāpeti, vb	 makes known
paññāyati, vb	 is discerned
pañha, m	 a question
paṭikūla, mn	 repulsive; repelled by
paṭikkanta, mn	 returned (pp of paṭikkamati)
paṭikkama, m	 retreat
paṭikkamati, vb	 retreats
paṭigha, m	 aversion
paṭicca, ind	 in dependence on (absol. of pacceti)
paṭijānāti, vb	 claims
paṭinissagga, m	 relinquishmnt
paṭinissajjati, vb	 rejects
paṭipaṇāmeti, vb	 suppresses
paṭipadā, f	 way
paṭipanna, mn	 practicing
paṭibhaya, n	 danger
paṭibhāga, m	 counterpart
paṭibhāti, vb	 occurs to
paṭividdha, mn	 penetrated (pp of paṭivijjhati)
paṭivirata, mn	 abstained from
paṭivedha, m	 penetration
paṭisaṃvedeti, paṭisaṃvediyati
paṭisaṃvedin, mn	 one who experiences
paṭisaṅkhā, absol	 having reflected
paṭisaraṇa, n	 recourse
paṭisallāna, n	 seclusion
paṭisalliyati, vb	 is in seclusion
paṭissuṇāti, vb	 replies (usually as aor. paccassosi
paṭṭhapanā, f	 establishing
paṭṭhapeti, vb	 establishes
paṭhama, mn	 first
paṭhavī, f	 the earth
paṇāmeti, vb	 salutes
paṇīta, mn	 superior
paṇḍita, m	 a wise person; mn. wise
paṇṇa, n	 a leaf
patiṭṭhāpeti, vb	 establishes in
patitthīna, mn	 obdurate
patirūpa, mn	 proper
patta¹, mn	 attained
patta², n	 a leaf
patta³, n	 an almsbowl
pattabba, mn	 to be attained
patti, f	 attainmnt
pattheti, vb	 yearns for
padakkhiṇa, n	 circumambulation
padahati, vb	 strives
padīpa, m	 a lamppaduma
pana, ind	 adversative and interrog. particle
pannarasa, mn	 the fifteenth [of the lunar fortnight]
papāta, m	 a precipice
pabbajati, vb	 goes forth [into homelessness]
pabbajjā, f	 the going forth [into homelessness]
pabbata, m	 a mountain
pabbhāra, m	 incline [of a mountain]; mn. inclining toward (ifc)
pabhava, m	 source
pabhā, f	 radiance
pamajjati, vb	 is heedless
pamatta, mn	 heedless
pamāda, m	 heedlessness
payirupāsana, n	 attending on
para, mn	 other
parakkama, m	 exertion
parama, mn	 supreme
parāmaṭṭha, mn	 grasped
parāyana, n	 destination; mn. having as destination (ifc)
parikkhīṇa, mn	 fully destroyedparicita
parijānāti, vb	 fully understands
pariññā, f	 full understanding
pariññāta, mn	 fully understood
pariññeyya, mn	 to be fully understood
pariṇāmn, mn	 evolving toward
paritassati, vb	 thirsts [on account of craving]
paritta, mn	 a few
parideva, m	 lamntation
parinibbāyati, vb	 attains [final] nibbāna
paripūreti, vb	 fulfills
paribbājaka, m	 a wanderer
paribhuñjati, vb	 uses
parimuccati, vb	 is freed
pariyantika, mn	 limited by
pariyādāna, n	 exhaustion
pariyādinna, mn	 elimnated
pariyādiyati, vb	 elimnates
pariyāpanna, mn	 included in (ifc)
pariyāya, m	 a method
pariyesanā, f	 quest
pariyosāna, n	 goal
parivajjati, vb	 avoids
parivīmaṃsati, vb	 investigates
parivīmaṃsā, f	 an investigation
parivuta, mn	 surrounded by
parisā, f	 an assembly
pariharati, vb	 (1) carries around; (2) leads [a commnity]
parihāpeti, vb	 discards
pareta, mn	 afflicted
palaḷita, mn	 deceived
palāsa, n	 foliage
palāyati, paleti
palikhaṇati, vb	 digs around
palokita, mn	 disintegrating
pavaḍḍhati, vb	 increases
pavatteti, vb	 rolls
pavana, n	 a forest
pavāreti, vb	 invites
pavāheti, vb	 causes to be carried away
pavicarati, vb	 examnes
pavicinati, vb	 discrimnates
pavivitta, mn	 secluded from
pavisati, vb	 enters
paveseti, vb	 inserts (caus. of pavisati)
pasattha, mn	 praised
pasavati, vb	 engenders
pasāda, m	 confidence
pasārita, mn	 stretched out [of the limbs]
passati, vb	 sees
passaddha, mn	 tranquil
passaddhi, f	 tranquility
passambhati, vb	 becomes tranquil
passāva, m	 urine
pahātabba, mn	 to be abandoned
pahāna, n	 abandoning
pahitatta, mn	 resolute
pahīna, mn	 abandoned
pahīyati, vb	 is abandoned
pāka, m	 an oven
pācīna, mn	 eastward
pāṭikaṅkha, mn	 to be expected
pāṇa, pāṇaka
pāṇātipāta, m	 destruction of life
pāṇi, m	 a hand
pāṇin, m	 a living being
pātarāsa, m	 breakfast
pātubhāva, m	 mnifestation
pāteti, vb	 fells (caus. of patati)
pāda, m	 a foot
pānīya, n	 water
pāpaka, mn	 bad
pāpimā, m	 the Evil One (an epithet of Māra)
pāpuṇāti, vb	 attains
pāra, n	 the beyond
pāripūrī, f	 fulfillmnt
pārima, mn	 far [shore or bank of a river]
pārisuddhi, f	 purification
pāsāṇa, m	 a rock
pāsāda, m	 a mnsion
pāsāvin, mn	 a performer
pāhuneyya, mn	 worthy of hospitality
pi, ind	 also
piṭaka, n	 a basketpiṭṭhi
piṇḍa, n	 a lump
piṇḍapāta, m	 almfood
pipāsita, mn	 thirsty
pipāsitā, f	 thirst
piya, mn	 pleasing
pilotikā, f	 a patch of cloth
pivati, vb	 drinks
pisuṇa, mn	 divisive [speech]
pīta, mn	 drunk
pīti, f	 rapture
puggala, m	 a person
pucchati, vb	 asks
puñña, n	 merit; mn. meritorious
puṇḍarīka, n	 a white lotus
puṇṇa, mn	 full
puṇṇamā, f	 the day or night of the full moon
puthujjana, m	 a worldling
puthubhūta, mn	 widespread
punabbhava, m	 renewed existence
pubba, mn	 (1) former
pubbaka, mn	 former
pubbaṅgama, n	 a forerunner
pubbaṇha, m	 the morning
pubbanimitta, n	 a sign
pubbe, ind	 in the past
purāṇa, mn	 old
purima, mn	 former
purisa, m	 a mn
pūti, pūtika
pettika, mn	 ancestral
pettivisaya, m	 the domain of spirits
peyya, n	 a beverage
pokkharaṇī, f	 a pond
poṇa, mn	 sloping toward (ifc)
ponobhavika, mn	 causing renewed existence
phandati, vb	 shimmers
pharusa, mn	 harsh [speech]
phala, n	 a fruit
phassa, m	 contact
phāleti, vb	 splits
phāsu, m	 comfort; mn. comfortable
phīta, mn	 prosperous
phuṭṭha, mn	 contacted
phusati, vb	 touches
phusita, n	 a raindrop
pheggu, n	 softwood
pheṇa, n	 foam
phoṭṭhabba, m	 a tactile object
bajjhati, vb	 is bound
baddha, mn	 bound
bandha, m	 a bond
bandhati, vb	 binds
bandhana, n	 bondage
bandhanīya, mn	 captivating
bala, m	 power
balavat, mn	 strong
balivadda, m	 an ox
balisa (baḷisa), mn	 a fish hook
bahiddhā, ind	 external(ly)
bahu, mn	 mny
bahukāra, mn	 helpful
bahula, mn	 abounding in (ifc)
bahulīkata, mn	 cultivated
bahulīkamma, n	 cultivation
bahulīkaroti, vb	 cultivates
bahulīkāra, m	 cultivation
bādhana, n	 trapping
bāla, m	 a fool; mn. foolish
bālisika (bāḷisika), m	 a fishermn
bāḷha, mn	 severe
bāhira, mn	 external
bāhujañña, mn	 populated
bila, n	 a holebuddha
bubbuḷa, n	 a bubble
bojjhaṅga, m	 a factor of enlightenmnt
bodhisatta, m	 a future buddha
brahma, mn	 holy
brahmacariya, n	 (1) the spiritual life; (2) pure conduct (celibacy)
brāhmaṇa, m	 a brahmn
bhagavā, m	 the Blessed One
bhaññati, vb	 is spoken
bhatta, n	 a mealbhadante
bhante, voc	 contraction of bhadante
bhabba, mn	 capable
bhaya, n	 (1) fear; (2) peril
bhava, m	 existence
bhavaṃ, m	 an honorific designation used by the brahmns when speaking about other brahmns or other distinguished persons (voc. bho)
bhavati, vb	 is
bhāga, m	 a portion
bhāgin, mn	 one who partakes of
bhāra, m	 a burden
bhāvita, mn	 developed
bhāvetabba, mn	 to be developed
bhāveti, vb	 develops (caus. of bhavati)
bhāsati¹, vb	 speaks
bhāsati², vb	 shines
bhāsita, n	 a statemnt; mn. stated
bhikkhu, m	 a Buddhist mnk
bhikkhunī, f	 a Buddhist nun
bhiyyo, ind	 more
bhiyyobhāva, m	 increase
bhiyyosomattāya, ind	 to a greater extent
bhīta, mn	 frightened
bhujissa, mf	 a freemn
bhuñjati, vb	 (1) eats; (2) enjoys
bhutta, mn	 eaten
bhūta, mn	 (1) come to be; (2) real
bhūtapubbaṃ, ind	 in the past
bhūmi, f	 the ground
bheda, m	 breakup
bhesajja, n	 medicine
bho, voc	 of bhavaṃ
bhoga, m	 wealth
maṃsa, n	 flesh
makkaṭa, m	a monkey
magga, m	 a path
maṅku, mn	 dismayed
maccha, m	 a fish
majja, n	 an intoxicant
majjha, m	 the middle
majjhanhika, mn	 pertaining to midday
maññati, vb	 thinks
maññe, ind	 “one would think
maṇḍa, m	 cream
matta, mn	 by amount
madanīya, mn	 intoxicating
madhuraka, mn	 drugged
mna, mnas
mnasikaroti, vb	 attends
mnasikāra, m	 attention
mnāpa, mn	 agreeable
mnussa, m	 a humn being
mnussatta, n	 the humn state
mamaṅkāra, m	 mne-making
mamāyita, mn	 appropriated
maya, mn	 made of
maraṇa, n	 death
marati, vb	 dies
marīcikā, f	 a mirage
masi, m	 ash
mahat, mn	 great
mahantatta, n	 greatness
mahallaka, mn	 old
mahānubhāva, m	 might; mn. mighty
mahābhūta, m	 great elemnt
mahāmatta, m	 a mnister [of governmnt]
mahiddhika, mn	 powerful
mahesakkha, mn	 commnding
mā, neg	 particle
mātar, f	 a mother
mna, m	 conceit
mnasa, n	 mnd’s ideal
māpeti, vb	 builds
māyā, f	 a magical illusion
māyākāra, m	 a magician
māsa, m	 a mnth
micchā, ind	 wrong
miga, m	 (1) a beast; (2) a deer
mitta, m	 a friend
middha, n	 drowsiness
missaka, n	 mixture
mīyati, vb	 dies
mukha, m	 the mouth
mugga, m	 a mng bean
mucchanīya, mn	 infatuating
muñcati, vb	 lets go
muṭṭhi, f	 a fist
muṇḍa, mn	 shaven-headed
mutta¹, n	 urine
mutta², mn	 freed
mutti, f	 freedom
musāvāda, m	 false speech
mūla, n	 root
mūlaka, mn	 rooted in
meraya, n	 wine
moceti, vb	 frees
moha, m	 delusion
yagghe, ind	 particle used in addressing a superior person
yato, ind	 when
yathā, ind	 as
yathābhūtaṃ, ind	 as it really is
yadā, ind	 when
yadi, ind	 if
yadidaṃ, ind	 that is
yasmā, ind	 because
yānīkata, mn	 made a vehicle
yāpanīya, n	 getting along [in good health]
yāpeti, vb	 gets along
yāva, ind	 as long as
yuga, n	 (1) a yoke; (2) a pair
yebhuyyena, ind	 mostly
yoga, m	 exertion
yotta, n	 a yoke
yoni, f	 (1) origin; (2) womb; (3) realm of existence
yoniso, ind	 thoroughly
rakkhati, vb	 protects
rakkhasa, m	 a kind of demn that haunts the ocean
rakkhita, mn	 protected
rajanīya, mn	 enticing
rajju, f	 a rope
rata, mn	 delighted with (ifc)
ratti, f	 night
ramaṇīya, mn	 delightful
rasa, m	 taste
rahada, m	 a lake
rāga, m	 lust
rājadhānī, f	 a royal city
rājan, m	 a king
rāsi, m	 a mass
rittaka, mn	 void
rukkha, m	 a tree
rūpa, mn	 (1) material form; (2) a visible form; (3) mn. nature (ifc)
roga, m	 illness
lakkhaṇa, n	 a characteristic
labhati, vb	 gets
lābha, m	 gain
līna, mn	 sluggish
līnatta, n	 sluggishness
ludda, m	 a hunter
leṇa, n	 a cavern
lepa, n	 paste
loka, m	 the world
lola, mn	 frivolous
lohita, n	 blood
vagga, m	 a group
vaggiya, mn	 belonging to a group (ifc)
vacana, n	 word
vacanīya, mn	 should be said
vaccha, m	 a calf
vañjha, mn	 barren
vaṭṭi, f	 a coil of leaves
vaḍḍheti, vb	 increases
vaṇṇeti, vb	 praises
vaṇṇa, n	 (1) color
vata, ind	 indeed (often untranslatable)
vattati, vb	 occurs
vattar, m	 one who speaks
vatthukata, mn	 made a basis
vadati, vadeti
vana, n	 a grove
vandati, vb	 venerates
vammika, m	 an anthill
vaya¹, n	 vitality
vaya², m	 vanishing
varaṃ, ind	 better
varatta, n	 a thong
valāhaka, m	 a cloud
vasa, m	 control
vassa, n	 (1) a year; (2) the rainy season
vassati, vb	 rains
vā, ind	 or
vācā, f	 speech
vāta, m	 a wind
vādin, mn	 a speaker of
vāyamati, vb	 makes an effort
vāyāma, m	 effort
vāsa, m	 living (ifc)
vigata, mn	 rid of
vighāta, m	 distress
vicaya, m	 discrimnation
vicāra, m	 examnation
vicikicchati, vb	 doubts
vicikicchā, f	 doubt
vighāta, m	 distress
vijambhati, vb	 stretches
vijambhitā, n	 stretching
vijānāti, vb	 is conscious of
vijjā, f	 clear knowledge
vijjhati, vb	 pierces
viññāṇa, n	 consciousness
viññāpana, n	 conveying
viññāya, ind	 having known (absol. of vijānāti)
viññu, mn	 wise; viññū
viññeyya, mn	 cognizable
vitakka, m	 a thought
vitakketi, vb	 thinks
vitatha, mn	 unreal
vitathatā, f	 unreality
vitthārena, ind	 in detail
vitthārika, mn	 extended
vidaṃsati, vb	 displays
viditvā, ind	 having known
vidū, m	 a knower
viddha, mn	 clear
vidha, mn	 kind
vinaya, m	 (1) removal; (2) mnastic discipline
vinassati, vb	 perishes
vinipāta, m	 the lower world
vinibbhujati, vb	 unrolls
vineti, vb	 removes
vipariṇāma, m	 change
vippaṭisāra, m	 regret
vippaṭisārin, mn	 regretful
vippamutta, mn	 freed
vippasanna, mn	 tranquil
vibhajati, vb	 analyzes
vibhajanā, f	 analyzing
vibhava, m	 non-existence
vimariyādīkata, mn	 unbounded
vimna, m	 a celestial palace
vimuccati, vb	 is liberated
vimutta, mn	 liberated
vimutti, f	 liberation
vimokkha, m	 emncipation
viya, ind	 like
virajjati, vb	 becomes dispassionate
virāga, m	 (1) dispassion; (2) fading away
virājeti, vb	 removes passion
viriya, n	 energyvirūḷhi
virocati, vb	 shines
vilikhati, vb	 scratches
vilokita, mn	 looked aside
vivaṭa, mn	 revealed
vivadati, vb	 disputes
vivaraṇā, f	 disclosing
vivarati, vb	 discloses
vivicca, ind	 having become secluded from
viveka, m	 seclusionvisa
visaṃyutta, mn	 detached
visama, mn	 (1) uneven
visaya, m	 a domain
visuddhi, f	 purification
visussati, vb	 evaporates
visesa, m	 (1) distinction; (2) excellence
visoseti, vb	 causes to dry up
vihaññati, vb	 is distressed
viharati, vb	 dwells
vihāra, m	 a dwellingvihiṃsā
vīṇā, f	 the Indian lute
vītisāretvā, absol	 having concluded
vīthi, f	 a road
vuccati, vb	 is called
vuṭṭhāti, vb	 (1) emerges
vuṭṭhita, mn	 (1) emerged
vuddha, mn	 (1) increased; (2) mature
vuddhi, f	 increase
vuyhati, vb	 is swept along
vusita, mn	 lived
vūpakaṭṭha, mn	 withdrawn
vūpasanta, mn	 subsided
vūpasama, m	 quiescence
vūpasamati, vb	 settles down
vūpasameti, vb	 calms down
vega, m	 a current
veṭha, m	 a band
vedanā, f	 feeling
vedaniya, vedanīya
vedayita, n	 feeling; mn. what is feltvedayati
veditabba, mn	 to be understood
vepulla, n	 maturity
vemattatā, f	 diversity
veyyākaraṇa, n	 (1) a discourse
vera, n	 enmity
veramaṇī, f	 abstinence
veḷu, m	 bamboo
vesārajja, n	 self-confidence
vehāsa, m	 the air
vokiṇṇa, mn	 soiled by
vossagga, m	 release
vyasana, n	 disaster
vyākata, mn	 explained
vyākaroti, vb	 explains
vyāpajjati, vb	 is annoyed
vyāpanna, mn	 annoyed
vyāpāda, m	 ill will
vyābādha, m	 harm
sa-, together with (at beginning of compounds)	
saṃkhittena, ind	 briefly
saṃyutta, mn	 connected
saṃyojana, n	 a fetter
saṃyojaniya, mn	 able to fetter
saṃvacchara, m	 a year
saṃvaḍḍha, mn	 grown up
saṃvattati, vb	 leads to
saṃvattanika, mn	 leading to (ifc)
saṃvara, n	 restraint
saṃvijjati, vb	 exists
saṃvega, m	 sense of urgency
saṃsaṭṭha, mn	 mixed
saṃsarati, vb	 roams through
saṃsāda, m	 sinking
saṃsāra, m	 the “roamng” through successive rebirths (untranslated)
saṃsīdati, vb	 sinks
saṃhita, mn	 connected with (ifc)
saka, mn	 one’s own
sakaṭa, n	 a cart
sakala, mn	 entire
sakalikā, f	 a splinter
sakiṃ, ind	 once
sakkā, vb	 is possible
sakkāya, m	 “the personal-collection” (the set of five clingingaggregates)
sakkhara, m	 a grain
saṅkappa, m	 intention
saṅkhata, mn	 conditioned
saṅkhā, f	 calculation
saṅkhāra, m	 (1) volitional activity; (2) a conditioned thing
saṅgati, f	 a meeting
saṅgha, m	 (1) the mnastic commnity; (2) the commnity of
disciples (untranslated)saṅghāṭi, f	 a cloak (double-layered mnastic robe)
sace, ind	 if
sacca, n	 truth
sacchikaroti, vb	 realizes
sacchikātabba, mn	 to be realized
sacchikiriyā, f	 realization
sañcetanā, f	 volition
sañchindati, vb	 cuts
sañjanetar, m	 a producer
sañjāta, mn	 produced
sañjānāti, vb	 perceives
saññā, f	 perception
saṇṭhāna, n	 relaxation
saṇṭhita, mn	 composed
sata¹, n	 a hundred
sata², mn	 mndful
sati, f	 mndfulness
satipaṭṭhāna, m	 establishmnt of mndfulness
satimat, mn	 mndful
satta,¹ m	 a [sentient] being
satta,² num	 seven
satthar, m	 a teacher
sadattha, m	 personal good
sadda, m	 a sound
saddahati, vb	 has faith in
saddhā, f	 faith
saddhiṃ, ind	 together with (used with instrumntal)
san (sā), m	 a dog
santānaka, n	 a filamnt
santāsa, m	 terror
santa, pres	 p.
santi, vb	 pl.
santike, ind	 near
santiṭṭhati, vb	 is composed
sandiṭṭha, m	 an acquaintance
sandiṭṭhika, mn	 directly visible
sandissati, vb	 is seen
sandhāvati, vb	 runs on
sannipatati, vb	 assembles
sannipāta, m	 an encounter
sannisīdati, vb	 settles down
sappurisa, m	 a good person
sabala, mn	 blemished
sabba, n	 the all (everything); mn. all
sabbaso, ind	 entirely
sama, mn	 (1) even
samajja, n	 an assembly
samaṇa, m	 an ascetic
samatikkama, m	 overcomng
samatha, m	 serenity
samnupassati, vb	 considers
samntā, ind	 all around
samnnāgata, mn	 possessing
samnvesati (samnnesati), vb	 investigates
samaya, m	 an occasion
samavāya, m	 concurrence
samācāra, m	 behavior
samādapeti, vb	 enjoins
samādhi, m	 concentration
samādhiyati, vb	 becomes concentrated
samāraddha, mn	 undertaken
samāhita, mn	 concentrated
samiñjita, mn	 bent in [of the limbs]
samuṭṭhāpeti, vb	 arouses
samudaya, m	 origin
samudāgata, mn	 arisen
samudda, m	 the ocean
samuppanna, mn	 arisen
samuppāda, m	 origination
samūhanati, vb	 removes
sampajāna, mn	 clearly comprehending
sampadāleti, vb	 splits
sampanna, mn	 accomplished in
samparāyika, mn	 pertaining to future lives
sampavaṅka, m	 a comrade
sampassati, vb	 sees
sampādeti, vb	 strives
sampāyati, vb	 succeeds
samphappalāpa, m	 idle chatter
samphassa, m	 contact
sambahula, mn	 several
sambuddha, m	 an enlightened one; mn. enlightened
sambojjhaṅga, m	 a factor of enlightenmnt (= bojjhaṅga)
sambodha, m	 enlightenmnt
sambodhi, f	 enlightenmnt
sambhatta, m	 a companion
sambhavati, vb	 comes to be
sambhavesin, mn	 approaching existence (about to come-to-be)
sambhāra, m	 a component
sambhūta, mn	 originated (ifc)
sambhoti, vb	 comes to be (= sambhavati)
samma, ind	 a term of familiar address
sammata, mn	 agreed upon (ifc)
sammada, m	 sloth
sammasati, vb	 explores
sammasana, n	 exploration
sammosa, m	 decline
sammā, ind	 right
sammukhībhūta, mn	 personally present
sammudita, mn	 rejoicing in (ifc)
sammodati, vb	 exchanges greetings with
sammodanīya, mn	 related to greetings
sayaṃ, ind	 by oneself
sayita, mn	 (1) laid down; (2) planted
sara, n	 a sharp reed
saraṇa, n	 a refuge
sarada, m	 autumn
sarīra, n	 the body
sallīna, mn	 sluggish
saḷāyatana, n	 the six sense bases
savana, n	 listening
sassata, mn	 eternal
sassati, f	 eternity
sahagata, mn	 accompanied by (ifc)
sahati, vb	 (1) endures; (2) overcomes
sahadhammika, mn	 reasonable
sahasā, ind	 suddenly
sahassa, n	 a thousand
sahāya, m	 a companion
sākhā, f	 a branch
sāgara, m	 the ocean
sāta, mn	 agreeable
sādhu, mn	 (1) good; (2) well; (3) please (preceding a request)
sādhukaṃ, ind	 well
sāmika, m	 an owner
sāmīci, f	 propriety
sāyanha (sāyaṇha), m	 the evening
sāyita, mn	 tasted
sāra, m	 (1) heartwood; (2) substance
sārajjati, vb	 becomes attached to
sāraṇīya, mn	 cordial
sārathi, m	 a trainer
sārāda, mn	 fertile
sāruppa, mn	 in conformity with
sālohita, m	 kinsfolk
sāvaka, m	 a disciplesāvajja
siṃsapā, f	 a kind of tree (untranslated)
sikkhā, f	 the training
sikhā, f	 the top
siṅgāla, m	 a jackal
sippa, n	 art
siras, n	 the head
siva, mn	 auspicious
sīgha, mn	 swift
sīla, n	 good behavior
sīvathikā, f	 a charnel ground
sīha, m	 a lion
su–, a prefix implying well
suṃsumāra, m	 a crocodile
sukara, mn	 easy to do
sukka, mn	 bright
sukkha, mn	 dry
sukha, n	 pleasure
sukhin, mn	 happy
sukhuma, mn	 subtle
sugata, m	 a fortunate one (epithet of the Buddha); mn. fortunate
sucarita, n	 good conduct
suñña, mn	 empty
suṇāti, vb	 listens
sutavat, mn	 learned
sutta¹, mn	 slept
sutta², n	 a discourse
sudaṃ, ind	 a connective particle used in narration (untranslatable)
subha, mn	 beautiful
surā, f	 liquor
suriya, m	 the sun
sekha, m	 a trainee
seti, vb	 lies down
senāsana, n	 a lodging [of a mnk]
seyyathāpi, ind	 suppose
seyyathīdaṃ, ind	 that is
sevita, mn	 practiced
sevitabba, mn	 to be practiced
soka, m	 sorrow
sota¹, n	 the ear
sota², mn	 a stream
sotāpatti, f	 stream-entry
sotāpanna, mf	 a stream-enterer
sotthi, f	 safety
sobbha, n	 a pool of water
somnassa, n	 joy
soḷasī, f	 a sixteenth
hata, mn	 damaged
hattha, m	 a hand
harati, vb	 takes
hi, ind	 (1) for
hita, n	 welfare
himavat, m	 the Himālaya Mountains
hīna, n	 inferior state
hetu, m	 a cause
hoti, vb	 is
