ENGLISH WORD,THAI WORD,THAI SENTENCE,ENGLISH SENTENCE,EXTRACTED WORD,BLANKED SENTENCE,EXTRACTED THAI WORD,BLANKED THAI SENTENCE
"abstract, n.",บทคัดย่อ,ผลการศึกษาดังกล่าวนี้ได้รับรางวัลบทคัดย่อการศึกษาวิจัยยอดเยี่ยม,The research results received an outstanding research abstract award.,abstract,The research results received an outstanding research _______ award.,บทคัดย่อ,ผลการศึกษาดังกล่าวนี้ได้รับรางวัล_______การศึกษาวิจัยยอดเยี่ยม
"accumulate, (intangible)",สั่งสม,นายกรัฐมนตรีกำลังสั่งสมอำนาจโดยไม่มีผู้ใดคอยเหนี่ยวรั้ง,The prime minister is accumulating power without anyone to deter him.,accumulate,The prime minister is _______ power without anyone to deter him.,สั่งสม,นายกรัฐมนตรีกำลัง_______อำนาจโดยไม่มีผู้ใดคอยเหนี่ยวรั้ง
"accurate, (on target)",แม่นยำ,คณะผู้วิจัยหวังว่าได้พบวิธีที่ง่ายและแม่นยำเพื่อใช้ตรวจคัดมะเร็งลำไส้ใหญ่แล้ว,The researchers hope they have found a simple and accurate way to screen for colon cancer.,accurate,The researchers hope they have found a simple and _______ way to screen for colon cancer.,แม่นยำ,คณะผู้วิจัยหวังว่าได้พบวิธีที่ง่ายและ_______เพื่อใช้ตรวจคัดมะเร็งลำไส้ใหญ่แล้ว
"accurate, (correct)",ถูกต้อง,ผู้บัญชาการกล่าวว่าจะให้ข้อมูลที่ถูกต้อง,The commander stated that he will provide accurate data.,accurate,The commander stated that he will provide _______ data.,ถูกต้อง,ผู้บัญชาการกล่าวว่าจะให้ข้อมูลที่_______
achieve,บรรลุ,ขณะนี้ผู้ก่อการร้ายยังไม่บรรลุวัตถุประสงค์,At this time the terrorists have not achieved their objectives.,achieve,At this time the terrorists have not _______ their objectives.,บรรลุ,ขณะนี้ผู้ก่อการร้ายยังไม่_______วัตถุประสงค์
"acknowledge, (accept)",ยอมรับ,พล.ต. สมบัติยอมรับว่า สนใจ(กับ)ข้อเสนอของรัสเซีย,Major General Sombat acknowledged that he is interested in Russia's proposal.,acknowledge,Major General Sombat _______ that he is interested in Russia's proposal.,ยอมรับ,พล.ต. สมบัติ_______ว่า สนใจ(กับ)ข้อเสนอของรัสเซีย
"administration, (government)",รัฐบาล,รัฐบาลของบุชคงอยากให้คนมองสงครามว่ายากกว่าการไปเดินเล่นในสวนเพียงนิดเดียว,The Bush administration would have the public think of the war as barely more difficult than a walk in the park.,administration,The Bush _______ would have the public think of the war as barely more difficult than a walk in the park.,รัฐบาล,_______ของบุชคงอยากให้คนมองสงครามว่ายากกว่าการไปเดินเล่นในสวนเพียงนิดเดียว
"administration, (business)",การบริหาร,นายกรัฐมนตรีควรเร่งแก้ปัญหาที่เกิดขึ้นโดยเร็ว เพื่อไม่ให้กระทบต่อการบริหารประเทศ,The Prime Minister should quickly resolve these issues so that they will not affect the country's administration.,administration,The Prime Minister should quickly resolve these issues so that they will not affect the country's _______.,การบริหาร,นายกรัฐมนตรีควรเร่งแก้ปัญหาที่เกิดขึ้นโดยเร็ว เพื่อไม่ให้กระทบต่อ_______ประเทศ
"adult, n.",ผู้ใหญ่,ผลกระทบนี้จะมีอันตรายต่อเด็กมากกว่าต่อผู้ใหญ่,The effects could be more dangerous for children than for adults.,adult,The effects could be more dangerous for children than for _______.,ผู้ใหญ่,ผลกระทบนี้จะมีอันตรายต่อเด็กมากกว่าต่อ_______
aesthetics,สุนทรียภาพ,การออกแบบรถยนต์ต้องคำนึงถึงสุนทรียภาพของสี,Designing cars has to take into consideration the aesthetics of colour.,aesthetics,Designing cars has to take into consideration the _______ of colour.,สุนทรียภาพ,การออกแบบรถยนต์ต้องคำนึงถึง_______ของสี
allocate,จัดสรร,"เขาเสนอให้คณะกรรมการจัดสรรเงิน 100,000 บาท ลงหน่วยเลือกตั้งทุกหน่วย","He suggested the Commission allocate 100,000 baht to each constituency.",allocate,"He suggested the Commission _______ 100,000 baht to each constituency.",จัดสรร,"เขาเสนอให้คณะกรรมการ_______เงิน 100,000 บาท ลงหน่วยเลือกตั้งทุกหน่วย"
"alternative, n.",ทางเลือก,มีทางเลือกเพียงทางเดียว,There was only one alternative.,alternative,There was only one _______.,ทางเลือก,มี_______เพียงทางเดียว
analyze,วิเคราะห์,ทางพรรคยังได้วิเคราะห์เกี่ยวกับการเลือกตั้งสมาชิกวุฒิสภา,The party analyzed the senate election.,analyze,The party _______ the senate election.,วิเคราะห์,ทางพรรคยังได้_______เกี่ยวกับการเลือกตั้งสมาชิกวุฒิสภา
ambiguous,กำกวม,อย่าไปโทษ กกต. ควรจะโทษ ส.ส.ร.ที่เขียนรัฐธรรมนูญแบบกำกวม,Don't fault the Election Commission--fault the Constitution Drafting Council for writing an ambiguous constitution.,ambiguous,Don't fault the Election Commission--fault the Constitution Drafting Council for writing an _______ constitution.,กำกวม,อย่าไปโทษ กกต. ควรจะโทษ ส.ส.ร.ที่เขียนรัฐธรรมนูญแบบ_______
annual,ประจำปี,ผู้แทนประชาชนจากทั่วประเทศจีนมาร่วมประชุมประจำปีของสมัชชาผู้แทนประชาชนแห่งชาติ,Deputies from all over China meet for the annual session of the National People's Congress.,annual,Deputies from all over China meet for the _______ session of the National People's Congress.,ประจำปี,ผู้แทนประชาชนจากทั่วประเทศจีนมาร่วมประชุม_______ของสมัชชาผู้แทนประชาชนแห่งชาติ
anticipate,ประมาณการณ์,การบรรลุเป้าหมายดังกล่าวน่าจะต้องหาทางเร่งให้อัตราการเติบโตทางเศรษฐกิจก้าวไปเร็วกว่าที่ประมาณการณ์ไว้ในปัจจุบัน,Achieving this target is likely to require much faster economic growth than presently anticipated.,anticipate,Achieving this target is likely to require much faster economic growth than presently _______.,ประมาณการณ์,การบรรลุเป้าหมายดังกล่าวน่าจะต้องหาทางเร่งให้อัตราการเติบโตทางเศรษฐกิจก้าวไปเร็วกว่าที่_______ไว้ในปัจจุบัน
"approach, v.",ทาบทาม,มีข่าวลือว่าเขาจะได้รับการทาบทามให้เป็นผู้ช่วยอธิการบดี,There was a rumor that he would be approached to be assistant to the university president.,approach,There was a rumor that he would be _______ to be assistant to the university president.,ทาบทาม,มีข่าวลือว่าเขาจะได้รับการ_______ให้เป็นผู้ช่วยอธิการบดี
"approach, n.",แนวทาง,รัฐบาลผสมยังไม่สนับสนุนแนวทางใหม่ๆ ในการรับคนเข้าทำงานในประเทศ,The coalition government has yet to support new approaches to immigration.,approach,The coalition government has yet to support new _______ to immigration.,แนวทาง,รัฐบาลผสมยังไม่สนับสนุน_______ใหม่ๆ ในการรับคนเข้าทำงานในประเทศ
"appropriate, adj.",เหมาะสม,ข้าวต้องการดินที่ดี รวมทั้งอากาศและ ปริมาณน้ำที่เหมาะสม,"Rice needs good soil, as well as air and the appropriate amount of water.",appropriate,"Rice needs good soil, as well as air and the _______ amount of water.",เหมาะสม,ข้าวต้องการดินที่ดี รวมทั้งอากาศและ ปริมาณน้ำที่_______
"assemble, (put together)",ประกอบ,อุตสาหกรรมรถยนต์ในประเทศไทย มีการนำเข้าชิ้นส่วนต่างๆ เพื่อนำมาประกอบภายหลัง,The Thai car industry imports the various parts to be assembled later.,assemble,The Thai car industry imports the various parts to be _______ later.,ประกอบ,อุตสาหกรรมรถยนต์ในประเทศไทย มีการนำเข้าชิ้นส่วนต่างๆ เพื่อนำมา_______ภายหลัง
assess,ประเมิน,หลังเหตุการณ์ทุกอย่างผ่านพ้นไปก็มีการประเมินระบบการแจ้งเตือน,"After everything had passed, the warning system was assessed.",assess,"After everything had passed, the warning system was _______.",ประเมิน,หลังเหตุการณ์ทุกอย่างผ่านพ้นไปก็มีการ_______ระบบการแจ้งเตือน
assign,มอบหมาย,หลังจากประเมินความสามารถของเขา หัวหน้าก็ได้มอบหมายงานที่มีความซับซ้อนมากขึ้น,"After evaluating his ability, the boss assigned him a more complicated project.",assign,"After evaluating his ability, the boss _______ him a more complicated project.",มอบหมาย,หลังจากประเมินความสามารถของเขา หัวหน้าก็ได้_______งานที่มีความซับซ้อนมากขึ้น
assist,ช่วยเหลือ,นายตำรวจรีบไปช่วยเหลือสตรีผมบลอนด์ร่างสูงสวมเสื้อคลุมยาว,The policeman hurried to assist a tall blonde in an opera cloak,assist,The policeman hurried to _______ a tall blonde in an opera cloak,ช่วยเหลือ,นายตำรวจรีบไป_______สตรีผมบลอนด์ร่างสูงสวมเสื้อคลุมยาว
"assistance, (service)",ความช่วยเหลือ,นักศึกษานัดพบอาจารย์เพื่อขอความช่วยเหลือ,The student made an appointment with the professor to ask for assistance.,assistance,The student made an appointment with the professor to ask for _______.,ความช่วยเหลือ,นักศึกษานัดพบอาจารย์เพื่อขอ_______
"assistance, (service)",ความช่วยเหลือ,ยังไม่มีการขอความช่วยเหลือใดๆ จากหน่วยสอบสวนสืบสวน,The detective force has not yet been called on for assistance.,assistance,The detective force has not yet been called on for _______.,ความช่วยเหลือ,ยังไม่มีการขอ_______ใดๆ จากหน่วยสอบสวนสืบสวน
assisting,การช่วยเหลือ,การช่วยเหลือผู้อื่นในยามที่เขาต้องการ เป็นสิ่งที่ควรยกย่อง,Assisting those who are in need deserves recognition.,assisting,Assisting those who are in need deserves recognition.,การช่วยเหลือ,_______ผู้อื่นในยามที่เขาต้องการ เป็นสิ่งที่ควรยกย่อง
"author, (career)",นักประพันธ์,ลอเรนซ์ แซนเดอรส์ เป็นนักประพันธ์ที่มีผลงานมากมาย,Lawrence Sanders was a prolific author.,author,Lawrence Sanders was a prolific _______.,นักประพันธ์,ลอเรนซ์ แซนเดอรส์ เป็น_______ที่มีผลงานมากมาย
"author, (incidental)",ผู้เขียน,ผู้ขียนสงสัยว่า การเสียชีวิตอย่างกระทันหันของภรรยา จะมีผลกระทบอย่างไรบ้างต่อสามี,The author wondered to what extent a wife’s sudden death has impact on the husband.,author,The _______ wondered to what extent a wife’s sudden death has impact on the husband.,ผู้เขียน,ผู้ขียนสงสัยว่า การเสียชีวิตอย่างกระทันหันของภรรยา จะมีผลกระทบอย่างไรบ้างต่อสามี
"authorities, (government)",เจ้าหน้าที่,พวกเจ้าหน้าที่คงต้องทำงานกันหนักเพื่อโยกย้ายชาวใต้ให้ออกจากถิ่นฐาน,Authorities could have a tough job on their hands shifting the southerners from their homes.,authorities,Authorities could have a tough job on their hands shifting the southerners from their homes.,เจ้าหน้าที่,พวก_______คงต้องทำงานกันหนักเพื่อโยกย้ายชาวใต้ให้ออกจากถิ่นฐาน
automatic,อัตโนมัติ,ระบบเตือนภัยอัตโนมัติจะทำให้การแจ้งเตือนเหตุแผ่นดินไหวรวดเร็วยิ่งขึ้น,An automatic emergency warning system would result in a faster earthquake warning.,automatic,An _______ emergency warning system would result in a faster earthquake warning.,อัตโนมัติ,ระบบเตือนภัย_______จะทำให้การแจ้งเตือนเหตุแผ่นดินไหวรวดเร็วยิ่งขึ้น
behalf,ในนาม,พวกเขาอุทธรณ์ในนามของสาวกลัทธิฟาหลุนกงชาวจีนที่ถูกทรมานอยู่ในขณะนี้,They appealed on behalf of Chinese Falungong practitioners who are being tortured.,behalf,They appealed on _______ of Chinese Falungong practitioners who are being tortured.,ในนาม,พวกเขาอุทธรณ์_______ของสาวกลัทธิฟาหลุนกงชาวจีนที่ถูกทรมานอยู่ในขณะนี้
"benefit, n.",ประโยชน์,ช้างที่ฝึกจนเชื่องแล้วมีประโยชน์มากในสมัยโบราณ,Domesticated elephants had great benefit in ancient times.,benefit,Domesticated elephants had great _______ in ancient times.,ประโยชน์,ช้างที่ฝึกจนเชื่องแล้วมี_______มากในสมัยโบราณ
"benefits, n.",สวัสดิการ,แต่ละคนล้วนได้รับเงินเดือนและสวัสดิการที่ดี,Each and every person had a good salary and benefits.,benefits,Each and every person had a good salary and _______.,สวัสดิการ,แต่ละคนล้วนได้รับเงินเดือนและ_______ที่ดี
"bond, (finance)",พันธบัตร,รัฐบาลจะหาเงินมาชดเชยกองทุนน้ำมัน โดยการออกพันธบัตรในเดือนเมษายนนี้,The government will subsidize the Oil Fund by issuing bonds in April.,bond,The government will subsidize the Oil Fund by issuing _______ in April.,พันธบัตร,รัฐบาลจะหาเงินมาชดเชยกองทุนน้ำมัน โดยการออก_______ในเดือนเมษายนนี้
capable,สามารถ,นักวิทยาศาสตร์เชื่อว่า ได้คิดค้นสารประกอบทางเคมีที่สามารถฆ่าเชื้อไวรัส ที่ทำให้เป็นโรคเอดส์ได้,Scientists believe that they have discovered a chemical compound capable of killing the virus that causes AIDS.,capable,Scientists believe that they have discovered a chemical compound _______ of killing the virus that causes AIDS.,สามารถ,นักวิทยาศาสตร์เชื่อว่า ได้คิดค้นสารประกอบทางเคมีที่_______ฆ่าเชื้อไวรัส ที่ทำให้เป็นโรคเอดส์ได้
category,ประเภท,รางวัลนี้แบ่งออกเป็น 3 ประเภท,The award is split into three categories.,category,The award is split into three _______.,ประเภท,รางวัลนี้แบ่งออกเป็น 3 _______
"chapter, (book)",บท,หนังสือบทนี้มีสาระ สามารถนำไปอ้างอิงได้,This chapter in the book has great content for reference.,chapter,This _______ in the book has great content for reference.,บท,หนังสือ_______นี้มีสาระ สามารถนำไปอ้างอิงได้
"chemical, n.",สารเคมี,ไทยเป็นประเทศแรกในเอเชียที่ส่งออกข้าวปลอดสารเคมี,Thailand is the first country in Asia to export chemical-free rice.,chemical,Thailand is the first country in Asia to export _______-free rice.,สารเคมี,ไทยเป็นประเทศแรกในเอเชียที่ส่งออกข้าวปลอด_______
"circuit, (electrical)",วงจร,มีการเรียกร้องให้ถ่ายทอดสัญญาณโทรทัศน์วงจรปิดออกมาจากที่ประชุม,There were requests to broadcast a closed-circuit television signal out of the meeting place.,circuit,There were requests to broadcast a closed-_______ television signal out of the meeting place.,วงจร,มีการเรียกร้องให้ถ่ายทอดสัญญาณโทรทัศน์_______ปิดออกมาจากที่ประชุม
circumstance,สถานการณ์,สันติภาพคือ การรู้สึกถึงความสงบเมื่อต้องเผชิญหน้าสถานการณ์ใดๆ ก็ตาม,Peace is experiencing tranquility in the face of any circumstances.,circumstance,Peace is experiencing tranquility in the face of any _______.,สถานการณ์,สันติภาพคือ การรู้สึกถึงความสงบเมื่อต้องเผชิญหน้า_______ใดๆ ก็ตาม
cite,อ้างอิง,หนังสือพิมพ์เกียวโดะนิวส์อ้างอิงตัวเลขสถิติของทางการว่าตั้งแต่เดือนเมษายนเป็นต้นมามีผู้เสียชีวิตแล้ว 1 รายและบาดเจ็บกว่า 90 รายจากการทำร้ายของหมี,The Kyodo News cited an official tally that there have been one person killed and over 90 injured by bears since April.,cite,The Kyodo News _______ an official tally that there have been one person killed and over 90 injured by bears since April.,อ้างอิง,หนังสือพิมพ์เกียวโดะนิวส์_______ตัวเลขสถิติของทางการว่าตั้งแต่เดือนเมษายนเป็นต้นมามีผู้เสียชีวิตแล้ว 1 รายและบาดเจ็บกว่า 90 รายจากการทำร้ายของหมี
civilian,พลเรือน,ขั้นแรกก็คือจัดให้มีรัฐบาลพลเรือนชั่วคราวขึ้นมา,The first step was to establish a temporary civilian government.,civilian,The first step was to establish a temporary _______ government.,พลเรือน,ขั้นแรกก็คือจัดให้มีรัฐบาล_______ชั่วคราวขึ้นมา
coincide,ประจวบเหมาะ,ผมนึกถึงช่วงเวลาที่ผ่านไป ซึ่งประจวบเหมาะกับการเข้ารักษาตัวของผมที่โรงพยาบาลพอดี,"I thought of the time which had elapsed, which coincided with my stay in the hospital.",coincide,"I thought of the time which had elapsed, which _______ with my stay in the hospital.",ประจวบเหมาะ,ผมนึกถึงช่วงเวลาที่ผ่านไป ซึ่ง_______กับการเข้ารักษาตัวของผมที่โรงพยาบาลพอดี
"commission, n. (fee)",ค่านายหน้า,ค่านายหน้าสูงสุดสำหรับการขายกรมธรรม์แผนใหม่เป็น 40 เปอร์เซ็นต์,The highest commission for new policies is 40%.,commission,The highest _______ for new policies is 40%.,ค่านายหน้า,_______สูงสุดสำหรับการขายกรมธรรม์แผนใหม่เป็น 40 เปอร์เซ็นต์
communication,การสื่อสาร,โครงสร้างพื้นฐานด้านคมนาคมและการสื่อสารทั่วเยอรมันล้วนได้รับการปรับเสริมให้รับมือกับจำนวนแฟนบอลที่เพิ่มขึ้น,The transport and communications infrastructure across Germany is geared up for the influx of football fans.,communication,The transport and _______ infrastructure across Germany is geared up for the influx of football fans.,การสื่อสาร,โครงสร้างพื้นฐานด้านคมนาคมและ_______ทั่วเยอรมันล้วนได้รับการปรับเสริมให้รับมือกับจำนวนแฟนบอลที่เพิ่มขึ้น
communication,การสื่อสาร,ปัญหาข้อนี้มีที่มาจากการติดต่อสื่อสารที่ไม่ตรงไปตรงมาของบุคคลที่เกี่ยวข้อง,This problem is caused by lack of straightforward communication among involved parties.,communication,This problem is caused by lack of straightforward _______ among involved parties.,การสื่อสาร,ปัญหาข้อนี้มีที่มาจากการติดต่อสื่อสารที่ไม่ตรงไปตรงมาของบุคคลที่เกี่ยวข้อง
community,ชุมชน,ประเด็นสำคัญที่สุดก็คือ การตระหนักว่าชุมชนควรจะทำอะไรบ้าง เพื่อช่วยกันปกป้องเด็กๆ,The most important issue is to realize what the community should do to protect children.,community,The most important issue is to realize what the _______ should do to protect children.,ชุมชน,ประเด็นสำคัญที่สุดก็คือ การตระหนักว่า_______ควรจะทำอะไรบ้าง เพื่อช่วยกันปกป้องเด็กๆ
compensate,ชดเชย,คนใช้รถยนต์ต้องจ่ายค่าน้ำมันสูงขึ้นเพื่อชดเชยกับการตรึงราคาน้ำมันเมื่อปี ๒๕๔๗,Car users must pay a higher gasoline price to compensate for the gasoline price freeze in 2004.,compensate,Car users must pay a higher gasoline price to _______ for the gasoline price freeze in 2004.,ชดเชย,คนใช้รถยนต์ต้องจ่ายค่าน้ำมันสูงขึ้นเพื่อ_______กับการตรึงราคาน้ำมันเมื่อปี ๒๕๔๗
compensation,ค่าตอบแทน,ทหารจะได้รับค่าตอบแทนจากยูเอ็นวันละ 1200 บาท,"The soldiers receive daily compensation of 1,200 baht from the UN.",compensation,"The soldiers receive daily _______ of 1,200 baht from the UN.",ค่าตอบแทน,ทหารจะได้รับ_______จากยูเอ็นวันละ 1200 บาท
"complex, adj.",ซับซ้อน,การพัฒนาหลักสูตร เป็นกระบวนการคิดที่ซับซ้อนและใช้เวลามาก,Curriculum development is a complex and time-consuming process.,complex,Curriculum development is a _______ and time-consuming process.,ซับซ้อน,การพัฒนาหลักสูตร เป็นกระบวนการคิดที่_______และใช้เวลามาก
elaborate,สลับซับซ้อน,ลวดลายที่ใช้ทอผ้าคลุมไหล่สลับซับซ้อนมาก,The patterns woven into the shawls were very elaborate.,elaborate,The patterns woven into the shawls were very _______.,สลับซับซ้อน,ลวดลายที่ใช้ทอผ้าคลุมไหล่_______มาก
intricate,ประณีต,ลวดลายที่ละเอียดประณีตบนผืนผ้าทำให้ผู้ทอต้องทำงานอย่างช้าๆ,The intricate patterns on the cloth forced the weavers to work very slowly.,intricate,The _______ patterns on the cloth forced the weavers to work very slowly.,ประณีต,ลวดลายที่ละเอียด_______บนผืนผ้าทำให้ผู้ทอต้องทำงานอย่างช้าๆ
"compound, (chemical)",สารประกอบ,นักวิทยาศาสตร์เชื่อว่า ได้คิดค้นสารประกอบทางเคมีที่สามารถฆ่าเชื้อไวรัส ที่ทำให้เป็นโรคเอดส์ได้,Scientists believe that they have discovered a chemical compound capable of killing the virus that causes AIDS.,compound,Scientists believe that they have discovered a chemical _______ capable of killing the virus that causes AIDS.,สารประกอบ,นักวิทยาศาสตร์เชื่อว่า ได้คิดค้น_______ทางเคมีที่สามารถฆ่าเชื้อไวรัส ที่ทำให้เป็นโรคเอดส์ได้
comprised of,ประกอบด้วย,ผุ้เรียนรายวิชานี้ประกอบด้วยนักศึกษาชั้นปีที่สอง ๑๔ คน ชั้นปีที่สาม ๗ คน และชั้นปีที่สี่ ๑๒ คน,"Learners of this course are comprised of 15 second year, seven third year and 12 fourth year students.",comprised of,"Learners of this course are _______ of 15 second year, seven third year and 12 fourth year students.",ประกอบด้วย,ผุ้เรียนรายวิชานี้_______นักศึกษาชั้นปีที่สอง ๑๔ คน ชั้นปีที่สาม ๗ คน และชั้นปีที่สี่ ๑๒ คน
"conduct, n.",พฤติกรรม,สาเหตุการทะเลาะมาจากความปะพฤติของนางสมิธ,The cause of the quarreling was Mrs. Smith's conduct.,conduct,The cause of the quarreling was Mrs. Smith's _______.,พฤติกรรม,สาเหตุการทะเลาะมาจากความปะพฤติของนางสมิธ
consist of,ประกอบด้วย,บ้านของชาวชนบทไทย ส่วนใหญ่ประกอบด้วยห้องใหญ่เพียงห้องเดียว,Rural Thai homes typically consist of a single large room.,consist of,Rural Thai homes typically _______ of a single large room.,ประกอบด้วย,บ้านของชาวชนบทไทย ส่วนใหญ่_______ห้องใหญ่เพียงห้องเดียว
concept,แนวคิด,วุฒิสมาชิกกล่าวว่า แนวคิดนี้ค่อนข้างใหม่สำหรับทวีปเอเชีย,The senator said that this is relatively new concept in Asia.,concept,The senator said that this is relatively new _______ in Asia.,แนวคิด,วุฒิสมาชิกกล่าวว่า _______นี้ค่อนข้างใหม่สำหรับทวีปเอเชีย
conclusion,ข้อสรุป,เมื่อได้ข้อสรุปอย่างไรแล้วก็จะนำเสนอคณะรัฐมนตรีต่อไป,Whatever conclusions are reached will then be submitted to the Cabinet.,conclusion,Whatever _______ are reached will then be submitted to the Cabinet.,ข้อสรุป,เมื่อได้_______อย่างไรแล้วก็จะนำเสนอคณะรัฐมนตรีต่อไป
confirm,ยืนยัน,ฝ่ายข่าวกรองอเมริกันก็ออกมายืนยันด้วย,U.S. intelligence authorities have also confirmed this.,confirm,U.S. intelligence authorities have also _______ this.,ยืนยัน,ฝ่ายข่าวกรองอเมริกันก็ออกมา_______ด้วย
"conflict, n.",ความขัดแย้ง,ถ้ามีความขัดแย้งเกิดขึ้น จะส่งผลกระทบต่ออุปทานน้ำมัน,"If conflicts arise, it will impact oil supplies.",conflict,"If _______ arise, it will impact oil supplies.",ความขัดแย้ง,ถ้ามี_______เกิดขึ้น จะส่งผลกระทบต่ออุปทานน้ำมัน
"conservative, (politics)",อนุรักษ์นิยม,กลุ่มที่ต่อต้านส่วนหนึ่งก็เป็นสมาชิกพรรคอนุรักษ์นิยม,Part of the group that is in opposition is made up of members of the Conservative Party.,conservative,Part of the group that is in opposition is made up of members of the Conservative Party.,อนุรักษ์นิยม,กลุ่มที่ต่อต้านส่วนหนึ่งก็เป็นสมาชิกพรรค_______
considerable,มากพอสมควร,มีความสับสนกันมากพอสมควร ในเรื่องที่นายกรัฐมนตรีมีดำริให้เปิดบ่อนคาสิโน,There was considerable confusion regarding the Prime Minister’s idea to legalize casinos.,considerable,There was _______ confusion regarding the Prime Minister’s idea to legalize casinos.,มากพอสมควร,มีความสับสนกัน_______ ในเรื่องที่นายกรัฐมนตรีมีดำริให้เปิดบ่อนคาสิโน
"consult, v.",ปรึกษาหารือ,ผู้คนหวังว่าประเทศทางเอเซียจะปรึกษาหารือกันด้วยไมตรีจิต,It is hoped that Asian countries will closely consult with one another in goodwill.,consult,It is hoped that Asian countries will closely _______ with one another in goodwill.,ปรึกษาหารือ,ผู้คนหวังว่าประเทศทางเอเซียจะ_______กันด้วยไมตรีจิต
"consume, (edibles)",บริโภค,ราคาน้ำตาลทรายที่บริโภคภายในประเทศจะต้องสูงขึ้น เมื่อใดที่ราคาน้ำตาลทรายในตลาดโลกตกต่ำ,The price of sugar consumed domestically must rise whenever the price of sugar in the world market falls.,consume,The price of sugar _______ domestically must rise whenever the price of sugar in the world market falls.,บริโภค,ราคาน้ำตาลทรายที่_______ภายในประเทศจะต้องสูงขึ้น เมื่อใดที่ราคาน้ำตาลทรายในตลาดโลกตกต่ำ
consumer,ผู้บริโภค,การเพิ่มความมั่นใจให้กับผู้บริโภค เป็นเรื่องที่บริษัทจะมุ่งเน้นในช่วงไตรมาสแรก,Increasing consumer confidence is what the company will focus on in the first quarter.,consumer,Increasing _______ confidence is what the company will focus on in the first quarter.,ผู้บริโภค,การเพิ่มความมั่นใจให้กับ_______ เป็นเรื่องที่บริษัทจะมุ่งเน้นในช่วงไตรมาสแรก
"contact, v. (communicate)",ติดต่อ,เขายังคงติดต่อกับคณะครูอาจารย์ที่อยู่ในกลุ่มโรงเรียนของตนอย่างสม่ำเสมอ,He kept in regular contact with the staff at schools in his own school cluster.,contact,He kept in regular _______ with the staff at schools in his own school cluster.,ติดต่อ,เขายังคง_______กับคณะครูอาจารย์ที่อยู่ในกลุ่มโรงเรียนของตนอย่างสม่ำเสมอ
contemporary,ร่วมสมัย,จะมีการบรรยายพิเศษ เรื่อง ความเป็นไทยในศิลปะร่วมสมัยของศิลปินไทย,"There will be a special lecture, 'Thai-ness in the Contemporary Art of Thai Artists'.",contemporary,"There will be a special lecture, 'Thai-ness in the Contemporary Art of Thai Artists'.",ร่วมสมัย,จะมีการบรรยายพิเศษ เรื่อง ความเป็นไทยในศิลปะ_______ของศิลปินไทย
context,บริบท,ความหมายของคำๆหนึ่งขึ้นอยู่กับบริบท,The meaning of a word depends on its context.,context,The meaning of a word depends on its _______.,บริบท,ความหมายของคำๆหนึ่งขึ้นอยู่กับ_______
context,บริบท,นายสุรินทร์กล่าวว่า เหตุการณ์ที่เกิดขึ้นตอนนี้ มีบริบทที่แตกต่างไป,Mr. Surin stated that the events occurring now have a different context.,context,Mr. Surin stated that the events occurring now have a different _______.,บริบท,นายสุรินทร์กล่าวว่า เหตุการณ์ที่เกิดขึ้นตอนนี้ มี_______ที่แตกต่างไป
"contract, n.",สัญญา,โครงการนี้ต้องเดินหน้าต่อไป เพราะได้ลงนามในสัญญาก่อสร้างเรียบร้อยแล้ว,This project must go ahead because a construction contract has already been signed.,contract,This project must go ahead because a construction _______ has already been signed.,สัญญา,โครงการนี้ต้องเดินหน้าต่อไป เพราะได้ลงนามใน_______ก่อสร้างเรียบร้อยแล้ว
converse,สนทนา,ขณะที่ผู้ใหญ่กำลังสนทนากันอยู่นั้น เด็กๆก็นั่งฟังอยู่ด้วย,"While the adults were conversing, the children sat and listened, too.",converse,"While the adults were _______, the children sat and listened, too.",สนทนา,ขณะที่ผู้ใหญ่กำลัง_______กันอยู่นั้น เด็กๆก็นั่งฟังอยู่ด้วย
convince,ทำให้(...)เชื่อ,การเลือกตั้งที่ผ่านมา ทำให้ผู้นำธุรกิจเชื่อว่าประเทศมีเสถียรภาพทางเศรษฐกิจมากขึ้น,The past election convinced business leaders that the country has increased economic stability.,convince,The past election _______ business leaders that the country has increased economic stability.,ทำให้(...)เชื่อ,การเลือกตั้งที่ผ่านมา ทำให้ผู้นำธุรกิจเชื่อว่าประเทศมีเสถียรภาพทางเศรษฐกิจมากขึ้น
"cooperate, (direct)",ร่วมมือ,เขาอยากจะร่วมมือกับประเทศไทยในการพัฒนาประเทศแถบนั้นด้วย,He wants to cooperate with Thailand in developing other countries in the area.,cooperate,He wants to _______ with Thailand in developing other countries in the area.,ร่วมมือ,เขาอยากจะ_______กับประเทศไทยในการพัฒนาประเทศแถบนั้นด้วย
"cooperate, (indirect)",ให้ความร่วมมือ,เขาพร้อมที่จะให้ความร่วมมืออย่างใกล้ชิดเพื่อขับเคลื่อนยุทธศาสตร์,He is ready to cooperate closely to move this strategy forward.,cooperate,He is ready to _______ closely to move this strategy forward.,ให้ความร่วมมือ,เขาพร้อมที่จะ_______อย่างใกล้ชิดเพื่อขับเคลื่อนยุทธศาสตร์
"coordinate, v.",ประสานงาน,ความมุ่งหมายก็คือ เพื่อจะได้มีการประสานงานทางด้านนโยบายการเงินและอัตราการแลกเปลี่ยนเงินตรา,The aim is to coordinate financial policies and currency exchange rates.,coordinate,The aim is to _______ financial policies and currency exchange rates.,ประสานงาน,ความมุ่งหมายก็คือ เพื่อจะได้มีการ_______ทางด้านนโยบายการเงินและอัตราการแลกเปลี่ยนเงินตรา
"core, (central)",แกนกลาง,การกำหนดว่าจะสอนสาระการเรียนรู้แกนกลางเมื่อใด เป็นความรับผิดชอบของโรงเรียน,Deciding when the core topics would be taught is the responsibility of the schools.,core,Deciding when the _______ topics would be taught is the responsibility of the schools.,แกนกลาง,การกำหนดว่าจะสอนสาระการเรียนรู้_______เมื่อใด เป็นความรับผิดชอบของโรงเรียน
crisis,วิกฤติ,ตอนนี้โลกกำลังประสบวิกฤติพลังงาน,The world is experiencing an energy crisis.,crisis,The world is experiencing an energy _______.,วิกฤติ,ตอนนี้โลกกำลังประสบ_______พลังงาน
crisis,วิกฤติ,นายกฯ เวียดนามแสดงความชื่นชมที่ไทยแก้วิกฤตเศรษฐกิจได้รวดเร็ว,The PM of Vietnam expressed admiration that Thailand resolved the economic crisis so quickly.,crisis,The PM of Vietnam expressed admiration that Thailand resolved the economic _______ so quickly.,วิกฤติ,นายกฯ เวียดนามแสดงความชื่นชมที่ไทยแก้วิกฤตเศรษฐกิจได้รวดเร็ว
criteria,บรรทัดฐาน,นักเศรษฐศาสตร์ชั้นนำให้ความเห็นว่า น่าจะใช้ระบบการให้คะแนนตามบรรทัดฐานด้านทักษะ แก่ผู้ที่ต้องการเข้ามาทำงานในประเทศ,"Leading economists say a points system, where prospective immigrants are graded on meeting skills criteria, should be used",criteria,"Leading economists say a points system, where prospective immigrants are graded on meeting skills _______, should be used",บรรทัดฐาน,นักเศรษฐศาสตร์ชั้นนำให้ความเห็นว่า น่าจะใช้ระบบการให้คะแนนตาม_______ด้านทักษะ แก่ผู้ที่ต้องการเข้ามาทำงานในประเทศ
"culture, (society)",วัฒนธรรม,นักเรียนหลายคนในกลุ่มนี้ชอบทำอาหารไทยเพราะว่าพวกเขาได้เรียนรู้วัฒนธรรมมากมาย,Many students in the group enjoy cooking Thai food because they learned a lot about the culture.,culture,Many students in the group enjoy cooking Thai food because they learned a lot about the _______.,วัฒนธรรม,นักเรียนหลายคนในกลุ่มนี้ชอบทำอาหารไทยเพราะว่าพวกเขาได้เรียนรู้_______มากมาย
currency,เงินตรา,การท่องเที่ยวนำเงินตราเข้าประเทศมหาศาล จึงเป็นปัจจัยสำคัญอย่างหนึ่งในการฟื้นฟูเศรษฐกิจ,"Tourism brings massive amounts of currency into the country, so it is an important factor in reviving the economy.",currency,"Tourism brings massive amounts of _______ into the country, so it is an important factor in reviving the economy.",เงินตรา,การท่องเที่ยวนำ_______เข้าประเทศมหาศาล จึงเป็นปัจจัยสำคัญอย่างหนึ่งในการฟื้นฟูเศรษฐกิจ
data,ข้อมูล,ตำรวจยังไม่สามารถอธิบายเหตุการณ์ได้ เนื่องจากมีข้อมูลไม่เพียงพอ,"The police are not yet able to explain the incident, due to insufficient data.",data,"The police are not yet able to explain the incident, due to insufficient _______.",ข้อมูล,ตำรวจยังไม่สามารถอธิบายเหตุการณ์ได้ เนื่องจากมี_______ไม่เพียงพอ
data,ข้อมูล,อย่างแรกก็คือเปลี่ยนข้อมูลที่อยู่ในรูปของแสงไปเป็นสัญญาณไฟฟ้า,"First, it transforms data in the form of light into electrical signals.",data,"First, it transforms _______ in the form of light into electrical signals.",ข้อมูล,อย่างแรกก็คือเปลี่ยน_______ที่อยู่ในรูปของแสงไปเป็นสัญญาณไฟฟ้า
decade,ทศวรรษ,การเปลี่ยนแปลงนี้เกิดขึ้นเพียงชั่วเวลาเพียงทศวรรษ กว่าๆ เท่านั้น,This change occurred during a period of only a decade or more.,decade,This change occurred during a period of only a _______ or more.,ทศวรรษ,การเปลี่ยนแปลงนี้เกิดขึ้นเพียงชั่วเวลาเพียง_______ กว่าๆ เท่านั้น
"decline, (turn down)",ปฏิเสธ,ประธานาธิบดีซูฮาร์โต้แห่งอินโดนีเซียปฏิเสธที่จะกล่าวสุนทรพจน์ในการประชุมสุดยอด,President Suharto of Indonesia declined to give a speech at the summit meeting.,decline,President Suharto of Indonesia _______ to give a speech at the summit meeting.,ปฏิเสธ,ประธานาธิบดีซูฮาร์โต้แห่งอินโดนีเซีย_______ที่จะกล่าวสุนทรพจน์ในการประชุมสุดยอด
"decline, (reduce)",ลดลง,คนที่ระดับคอเลสเตอรอลลดลงมีความเสี่ยงน้อยลงที่จะเกิดความบกพร่องในการเรียนรู้,People whose cholesterol levels declined were at less risk for cognitive impairment.,decline,People whose cholesterol levels _______ were at less risk for cognitive impairment.,ลดลง,คนที่ระดับคอเลสเตอรอล_______มีความเสี่ยงน้อยลงที่จะเกิดความบกพร่องในการเรียนรู้
"decline, (degrade)",เสื่อม,งานวิจัยพบว่าระดับคอเลสเตอรอลที่สูงนำไปสู่อาการสมองเสื่อม,The study found that high cholesterol levels lead to mental decline.,decline,The study found that high cholesterol levels lead to mental _______.,เสื่อม,งานวิจัยพบว่าระดับคอเลสเตอรอลที่สูงนำไปสู่อาการสมอง_______
"decline, (degrade)",เสื่อม,หนังสือเล่มนี้กล่าวถึงสังคมที่กำลังเสื่อมลงของจักรวรรดิ์อังกฤษ,The book describes declining society in the British Empire.,decline,The book describes _______ society in the British Empire.,เสื่อม,หนังสือเล่มนี้กล่าวถึงสังคมที่กำลัง_______ลงของจักรวรรดิ์อังกฤษ
deduce,อนุมาน,สมชายอนุมานคำตอบได้โดยใช้หลักเหตุผลพื้นฐาน,Somchai deduced the answer using simple reasoning.,deduce,Somchai _______ the answer using simple reasoning.,อนุมาน,สมชาย_______คำตอบได้โดยใช้หลักเหตุผลพื้นฐาน
deduce,อนุมาน,ดังนั้นจึงพออนุมานได้ว่า ไวน์แดงนั้นมีประโยชน์,"Therefore, it can be deduced that wine has a benefit.",deduce,"Therefore, it can be _______ that wine has a benefit.",อนุมาน,ดังนั้นจึงพอ_______ได้ว่า ไวน์แดงนั้นมีประโยชน์
definite,แน่นอน,รัฐบาลชุดนี้ไม่มีเป้าหมายการพัฒนาที่แน่นอน,This government has no definite goals for development.,definite,This government has no _______ goals for development.,แน่นอน,รัฐบาลชุดนี้ไม่มีเป้าหมายการพัฒนาที่_______
deny,ปฏิเสธ,ผู้ต้องหาปฏิเสธข้อกล่าวหาทั้งหมด,The suspect denied all of the charges.,deny,The suspect denied all of the charges.,ปฏิเสธ,ผู้ต้องหา_______ข้อกล่าวหาทั้งหมด
deny,ปฏิเสธ,กระทรวงมหาดไทยจะปฏิเสธ ความรับผิดชอบไม่ได้,The Ministry of Interior cannot deny responsibility.,deny,The Ministry of Interior cannot _______ responsibility.,ปฏิเสธ,กระทรวงมหาดไทยจะ_______ ความรับผิดชอบไม่ได้
"design, v.",ออกแบบ,ศิลปินชาวพม่ารับหน้าที่ออกแบบเครื่องแต่งกาย,A Burmese artist accepted the task to design the costumes.,design,A Burmese artist accepted the task to _______ the costumes.,ออกแบบ,ศิลปินชาวพม่ารับหน้าที่_______เครื่องแต่งกาย
"design, n. (field of work)",การออกแบบ,การออกแบบรถยนต์ต้องคำนึงถึงสุนทรียภาพของสี,Car design has to take into consideration the aesthetics of colour.,design,Car _______ has to take into consideration the aesthetics of colour.,การออกแบบ,_______รถยนต์ต้องคำนึงถึงสุนทรียภาพของสี
"design, n. (pattern)",ลวดลาย,ผู้ออกแบบเสื้อผ้าจะเลือกเนื้อผ้าและลวดลายให้เหมาะสมกับฤดูกาล,Clothing designers choose fabric and designs that are appropriate for the season.,design,Clothing _______ choose fabric and _______ that are appropriate for the season.,ลวดลาย,ผู้ออกแบบเสื้อผ้าจะเลือกเนื้อผ้าและ_______ให้เหมาะสมกับฤดูกาล
detect,ตรวจพบ,นักดาราศาสตร์ได้ตรวจพบดาวเคราะห์น้อยในระหว่างการสำรวจระบบสุริยะส่วนนอก,Astronomers detected the asteroid during a survey of the outer solar system.,detect,Astronomers _______ the asteroid during a survey of the outer solar system.,ตรวจพบ,นักดาราศาสตร์ได้_______ดาวเคราะห์น้อยในระหว่างการสำรวจระบบสุริยะส่วนนอก
device,อุปกรณ์,เด็กควรมีอุปกรณ์ส่งเสียงเตือนภัย เมื่อเกิดกรณีฉุกเฉิน,Children should have an alarm trigger device in case of emergency.,device,Children should have an alarm trigger _______ in case of emergency.,อุปกรณ์,เด็กควรมี_______ส่งเสียงเตือนภัย เมื่อเกิดกรณีฉุกเฉิน
dispose of,กำจัด,องค์กรบริหารส่วนท้องถิ่นมีหน้าที่กำจัดขยะมูลฝอย,It is the responsibility of local administrative agencies to dispose of trash.,dispose of,It is the responsibility of local administrative agencies to _______ of trash.,กำจัด,องค์กรบริหารส่วนท้องถิ่นมีหน้าที่_______ขยะมูลฝอย
"document, n.",เอกสาร,เขาขอดูจดหมายหรือเอกสารใดๆ เกี่ยวกับผู้ตาย,He asked to see any letters or documents about the deceased.,document,He asked to see any letters or _______ about the deceased.,เอกสาร,เขาขอดูจดหมายหรือ_______ใดๆ เกี่ยวกับผู้ตาย
dominate,ยึดครอง,เขายืนยันว่าประเทศตะวันตกหมายจะเข้าครองยุโรปตะวันออกเฉียงใต้,He insisted the West intended to dominate southeastern Europe.,dominate,He insisted the West intended to _______ southeastern Europe.,ยึดครอง,เขายืนยันว่าประเทศตะวันตกหมายจะเข้าครองยุโรปตะวันออกเฉียงใต้
domestic,ภายในประเทศ,ความต้องการบริโภคภายในประเทศที่ลดลง ทำให้เศรษฐกิจของไทยยังคงซบเซาต่อไปอีกในปีนี้,Decreased domestic consumer demand has caused Thailand's economy to continue to be sluggish this year.,domestic,Decreased _______ consumer demand has caused Thailand's economy to continue to be sluggish this year.,ภายในประเทศ,ความต้องการบริโภค_______ที่ลดลง ทำให้เศรษฐกิจของไทยยังคงซบเซาต่อไปอีกในปีนี้
"draft, n.",ฉบับร่าง,ผู้ประพันธ์ร่วมเป็นผู้เขียนฉบับร่างฉบับแรก,The co-author pens a first draft.,draft,The co-author pens a first _______.,ฉบับร่าง,ผู้ประพันธ์ร่วมเป็นผู้เขียน_______ฉบับแรก
"draft, v.",ร่าง,กรมนี้จะร่างกฎระเบียบที่เกี่ยวข้องกับขยะมีพิษ,The department will draft regulations concerning toxic trash.,draft,The department will _______ regulations concerning toxic trash.,ร่าง,กรมนี้จะ_______กฎระเบียบที่เกี่ยวข้องกับขยะมีพิษ
economy,เศรษฐกิจ,ความเข้าใจสภาพเศรษฐกิจอย่างถ่องแท้เป็นส่วนสำคัญของการเป็นนักธุรกิจที่ประสบความสำเร็จ,Truly understanding the economic status is an important part of being a successful businessman.,economy,Truly understanding the _______ status is an important part of being a successful businessman.,เศรษฐกิจ,ความเข้าใจสภาพ_______อย่างถ่องแท้เป็นส่วนสำคัญของการเป็นนักธุรกิจที่ประสบความสำเร็จ
economy,เศรษฐกิจ,การท่องเที่ยวจะเป็นปัจจัยสำคัญอย่างหนึ่งในการฟื้นฟูเศรษฐกิจ,Tourism will be an important factor in reviving the economy.,economy,Tourism will be an important factor in reviving the _______.,เศรษฐกิจ,การท่องเที่ยวจะเป็นปัจจัยสำคัญอย่างหนึ่งในการฟื้นฟู_______
"edit, v. (assemble)",ตัดต่อ,การตัดต่อเสียงใช้เทคนิคคล้ายๆกับการบันทึกเสียง,Sound editing uses similar techniques to sound recording.,edit,Sound _______ uses similar techniques to sound recording.,ตัดต่อ,การ_______เสียงใช้เทคนิคคล้ายๆกับการบันทึกเสียง
"edit, v. (refine)",ตรวจแก้,พอเขียนเสร็จแล้วบรรณาธิการจะตรวจแก้ให้,"As soon as it's written, the editor will edit it.",edit,"As soon as it's written, the _______ will _______ it.",ตรวจแก้,พอเขียนเสร็จแล้วบรรณาธิการจะ_______ให้
"editor, (writing)",บรรณาธิการ,บรรณาธิการอาสาจะจัดพิมพ์นวนิยายเรื่องนี้ทันทีที่เขียนเสร็จสมบูรณ์,The editor volunteered to print the novel as soon as it was finished.,editor,The _______ volunteered to print the novel as soon as it was finished.,บรรณาธิการ,_______อาสาจะจัดพิมพ์นวนิยายเรื่องนี้ทันทีที่เขียนเสร็จสมบูรณ์
"emphasize, (focus)",เน้น,คำขวัญในสมัยก่อนเน้นเรื่องวินัย ความซื่อสัตย์ และตรงเวลา,"In the olden days, the mottos emphasized discipline, honesty, and punctuality.",emphasize,"In the olden days, the mottos _______ discipline, honesty, and punctuality.",เน้น,คำขวัญในสมัยก่อน_______เรื่องวินัย ความซื่อสัตย์ และตรงเวลา
"encounter, n.",การเผชิญหน้า,การเผชิญหน้ากันระหว่างรัฐบาลสหรัฐอเมริกากับกลุ่มสหภาพยุโรปก่อให้เกิดความตึงเครียด,The encounter between the governments of the United States and the European Union caused tension.,encounter,The _______ between the governments of the United States and the European Union caused tension.,การเผชิญหน้า,_______กันระหว่างรัฐบาลสหรัฐอเมริกากับกลุ่มสหภาพยุโรปก่อให้เกิดความตึงเครียด
energy,พลังงาน,มาตราการการประหยัดพลังงานนำมาซึ่งการขยายตัวของการส่งออก,Energy-saving measures have brought about an expansion in exports.,energy,Energy-saving measures have brought about an expansion in exports.,พลังงาน,มาตราการการประหยัด_______นำมาซึ่งการขยายตัวของการส่งออก
"enormous, (concrete)",มหึมา,เขาแทงปลาแซลมอนขนาดมหึมาได้ตัวหนึ่ง,He speared an enormous salmon.,enormous,He speared an _______ salmon.,มหึมา,เขาแทงปลาแซลมอนขนาด_______ได้ตัวหนึ่ง
ensure,รับประกัน,น่าจะลงทุนน้ำมันเพื่อรับประกันความมั่นคงทางการเงิน,You should invest in oil in order to ensure financial security,ensure,You should invest in oil in order to _______ financial security,รับประกัน,น่าจะลงทุนน้ำมันเพื่อ_______ความมั่นคงทางการเงิน
ensure,รับประกัน,การลงทุนปลูกพืชเพื่อผลิตเชื้อเพลิงทางเลือก เป็นการรับประกันความมั่นคงของประเทศ,Investing in cultivation for alternative fuels ensures the country's security.,ensure,Investing in cultivation for alternative fuels _______ the country's security.,รับประกัน,การลงทุนปลูกพืชเพื่อผลิตเชื้อเพลิงทางเลือก เป็นการ_______ความมั่นคงของประเทศ
environment,สภาพแวดล้อม,เราดำเนินการธุรกิจที่ไม่ส่งผลเสียต่อสภาพแวดล้อม,We conduct of business that is not harmful to the environment.,environment,We conduct of business that is not harmful to the _______.,สภาพแวดล้อม,เราดำเนินการธุรกิจที่ไม่ส่งผลเสียต่อ_______
environmental,ด้านสิ่งแวดล้อม,คณะวิจัยจะสำรวจผลกระทบด้านสิ่งแวดล้อมเป็นระยะเวลา 10 ปี,The research team will survey the environmental impact for a period of 10 years.,environmental,The research team will survey the _______ impact for a period of 10 years.,ด้านสิ่งแวดล้อม,คณะวิจัยจะสำรวจผลกระทบ_______เป็นระยะเวลา 10 ปี
equation,สมการ,นักวิจัยใช้สมการคณิตศาสตร์เพื่ออธิบายการกระจัดกระจายของกลุ่มเมฆ,The researchers use mathematical equations to explain cloud dispersion.,equation,The researchers use mathematical _______ to explain cloud dispersion.,สมการ,นักวิจัยใช้_______คณิตศาสตร์เพื่ออธิบายการกระจัดกระจายของกลุ่มเมฆ
error,ความผิดพลาด,ความผิดพลาดจะมากขึ้น เมื่อเราละเลยที่จะค้นหาความจริง,Error is strengthened by neglecting to look into truth.,error,Error is strengthened by neglecting to look into truth.,ความผิดพลาด,_______จะมากขึ้น เมื่อเราละเลยที่จะค้นหาความจริง
establish,สถาปนา,รัฐบาลสถาปนามหาวิทยาลัยรามคำแหงขึ้นในปี 2514,The government established Ramkhamhaeng University in 1971.,establish,The government _______ Ramkhamhaeng University in 1971.,สถาปนา,รัฐบาล_______มหาวิทยาลัยรามคำแหงขึ้นในปี 2514
"estimate, v.",ประมาณการณ์,กลุ่มผู้ดำเนินธุรกิจประมาณการณ์ว่าพวกเจ้าของสัตว์เลี้ยงจะใช้จ่ายในปี 2004 ประมาณ 34.3 พันล้านเหรียญสหรัฐ,The industry group estimates that pet owners will spend about $34.3 billion in 2004.,estimate,The industry group _______ that pet owners will spend about $34.3 billion in 2004.,ประมาณการณ์,กลุ่มผู้ดำเนินธุรกิจ_______ว่าพวกเจ้าของสัตว์เลี้ยงจะใช้จ่ายในปี 2004 ประมาณ 34.3 พันล้านเหรียญสหรัฐ
ethnic,เชื้อชาติ,การเข้าร่วมโครงการยังช่วยทำลายกำแพงวัฒนธรรมและเชื้อชาติให้หมดไป,Participation in the program helps to break down cultural and ethnic barriers.,ethnic,Participation in the program helps to break down cultural and _______ barriers.,เชื้อชาติ,การเข้าร่วมโครงการยังช่วยทำลายกำแพงวัฒนธรรมและ_______ให้หมดไป
evolution,วิวัฒนาการ,ผมเริ่มจะเกิดความเข้าใจแนวทางวิวัฒนาการที่เกิดขึ้นแล้ว,I began to realize something of the course of evolution that had happened.,evolution,I began to realize something of the course of _______ that had happened.,วิวัฒนาการ,ผมเริ่มจะเกิดความเข้าใจแนวทาง_______ที่เกิดขึ้นแล้ว
evolve,มีวิวัฒนาการ,นักวิทยาศาสตร์มีสมมุติฐานว่ามนุษย์มีวิวัฒนาการมาจากลิง,Scientists hypothesize that humans evolved from monkeys.,evolve,Scientists hypothesize that humans _______ from monkeys.,มีวิวัฒนาการ,นักวิทยาศาสตร์มีสมมุติฐานว่ามนุษย์_______มาจากลิง
"expert, n.",ผู้เชี่ยวชาญ,ผู้เชี่ยวชาญในวงการโฆษณาและการตลาด ได้รับเชิญมาร่วมสัมมนา,Experts from the fields of advertising and marketing were invited to the seminar.,expert,Experts from the fields of advertising and marketing were invited to the seminar.,ผู้เชี่ยวชาญ,_______ในวงการโฆษณาและการตลาด ได้รับเชิญมาร่วมสัมมนา
"export, v.",ส่งออก,ไทยเป็นประเทศแรกในเอเชียที่ส่งออกข้าวปลอดสารเคมี,Thailand is the first country in Asia to export chemical-free rice.,export,Thailand is the first country in Asia to _______ chemical-free rice.,ส่งออก,ไทยเป็นประเทศแรกในเอเชียที่_______ข้าวปลอดสารเคมี
external,ภายนอก,มีอุปสรรคจากปัจจัยทั้งภายในและภายนอก,There are obstacles from both internal and external factors.,external,There are obstacles from both internal and _______ factors.,ภายนอก,มีอุปสรรคจากปัจจัยทั้งภายในและ_______
facilitate,อำนวยความสะดวก,มีการจัดตั้งกองทุนเพื่ออำนวยความสะดวกในการปฎิบัติงานด้านทันตกรรม,A fund has also been set up to facilitate the dental work.,facilitate,A fund has also been set up to _______ the dental work.,อำนวยความสะดวก,มีการจัดตั้งกองทุนเพื่อ_______ในการปฎิบัติงานด้านทันตกรรม
"factor, n.",ปัจจัย,การท่องเที่ยวจะเป็นปัจจัยสำคัญอย่างหนึ่งในการฟื้นฟูเศรษฐกิจ,Tourism will be an important factor in reviving the economy.,factor,Tourism will be an important _______ in reviving the economy.,ปัจจัย,การท่องเที่ยวจะเป็น_______สำคัญอย่างหนึ่งในการฟื้นฟูเศรษฐกิจ
"file, n. (paper)",แฟ้มเอกสาร,การจัดแฟ้มเอกสารให้เรียบร้อย เป็นหนึ่งในหน้าที่ของเลขานุการ,Organizing the files is one of a secretary's responsibilities.,file,Organizing the _______ is one of a secretary's responsibilities.,แฟ้มเอกสาร,การจัด_______ให้เรียบร้อย เป็นหนึ่งในหน้าที่ของเลขานุการ
"file, n. (computer)",แฟ้มข้อมูล,การบันทึกข้อมูลลงในแฟ้มข้อมูลคอมพิวเตอร์ จะช่วยให้สืบค้นข้อมูลได้รวดเร็วขึ้น,Recording data in computer files makes retrieving data faster.,file,Recording data in computer _______ makes retrieving data faster.,แฟ้มข้อมูล,การบันทึกข้อมูลลงใน_______คอมพิวเตอร์ จะช่วยให้สืบค้นข้อมูลได้รวดเร็วขึ้น
"file, v.",ยื่น,คนที่ยื่นแบบแสดงรายการภาษีเงินได้ในประเทศไทยได้ประโยชน์จากการลดหย่อนภาษี,Those who file tax returns in Thailand benefit from tax reductions.,file,Those who _______ tax returns in Thailand benefit from tax reductions.,ยื่น,คนที่_______แบบแสดงรายการภาษีเงินได้ในประเทศไทยได้ประโยชน์จากการลดหย่อนภาษี
"final, adj.",สุดท้าย,ข้อพิสูจน์สุดท้ายได้มาจากฟันของเขา,The final proof was provided by his teeth.,final,The _______ proof was provided by his teeth.,สุดท้าย,ข้อพิสูจน์_______ได้มาจากฟันของเขา
financial,ทางการเงิน,การลงทุนซื้อพันธบัตรน้ำมันจะช่วยรับประกันความมั่นคงทางการเงิน,Investing in oil bonds will help ensure financial security.,financial,Investing in oil bonds will help ensure _______ security.,ทางการเงิน,การลงทุนซื้อพันธบัตรน้ำมันจะช่วยรับประกันความมั่นคง_______
flexible,มีความยืดหยุ่น,ต่างประเทศมีความยืดหยุ่นสูง จึงให้เรากำหนดวันเลือกตั้งได้หลายวัน,"Other countries are very flexible, allowing us to schedule several days for voting.",flexible,"Other countries are very _______, allowing us to schedule several days for voting.",มีความยืดหยุ่น,ต่างประเทศ_______สูง จึงให้เรากำหนดวันเลือกตั้งได้หลายวัน
forecast,พยากรณ์,โครงการวิจัยนี้พยากรณ์ว่าอีกราว 40 ปีต่อจากนี้ ประมาณ 10 ถึง 30 เปอร์เซนต์ของสัตว์ก็จะถูกคุกคามจนใกล้จะสูญพันธุ์ครับ,"This research project forecasts that, in about 40 years, approximately 10 to 30 percent of animals will be threatened near to extinction.",forecast,"This research project _______ that, in about 40 years, approximately 10 to 30 percent of animals will be threatened near to extinction.",พยากรณ์,โครงการวิจัยนี้_______ว่าอีกราว 40 ปีต่อจากนี้ ประมาณ 10 ถึง 30 เปอร์เซนต์ของสัตว์ก็จะถูกคุกคามจนใกล้จะสูญพันธุ์ครับ
"found, v. (establish)",ก่อตั้ง,องค์กรนี้ก่อตั้งขึ้นเมื่อปี 1995,This organization was founded in 1995.,found,This organization was _______ in 1995.,ก่อตั้ง,องค์กรนี้_______ขึ้นเมื่อปี 1995
"foundation, n. (organization)",มูลนิธิ,มูลนิธิกองทุนกอริลลาได้ทำการศึกษาวิจัยเชาวน์ปัญญาของกอริลลามาหลายปีแล้ว,The Gorilla Foundation has studied gorilla intelligence for many years.,foundation,The Gorilla Foundation has studied gorilla intelligence for many years.,มูลนิธิ,_______กองทุนกอริลลาได้ทำการศึกษาวิจัยเชาวน์ปัญญาของกอริลลามาหลายปีแล้ว
"foundation, n. (physical)",รากฐาน(ทางวัฒนธรรม ทางสังคม) ฐานราก (ของสิ่งก่อสร้าง),อารยธรรมนี้มีชื่อเสียงด้านเครื่องปั้นดินเผาที่งดงามและการก่อสร้างบ้านเรือนด้วยอิฐดินดิบบน(รากฐานพื้น) ฐานรากที่เป็นหิน," ""This civilization is well-known for beautiful pottery and constructing houses from mud-bricks on stone foundations.""",foundation," ""This civilization is well-known for beautiful pottery and constructing houses from mud-bricks on stone _______.""",รากฐาน(ทางวัฒนธรรม ทางสังคม) ฐานราก (ของสิ่งก่อสร้าง),อารยธรรมนี้มีชื่อเสียงด้านเครื่องปั้นดินเผาที่งดงามและการก่อสร้างบ้านเรือนด้วยอิฐดินดิบบน(รากฐานพื้น) ฐานรากที่เป็นหิน
"foundation, n. (figurative)",พื้นฐาน,ธุรกิจครอบครัวเป็นพื้นฐานในการดำเนินกิจการของบริษัทใหญ่ๆหลายแห่ง,Family businesses are the foundation of the business dealings of many large companies.,foundation,Family businesses are the _______ of the business dealings of many large companies.,พื้นฐาน,ธุรกิจครอบครัวเป็น_______ในการดำเนินกิจการของบริษัทใหญ่ๆหลายแห่ง
fundamental,พื้นฐาน,ไวยากรณ์ภาษาอังกฤษเป็นความรู้พื้นฐานของการใช้สื่อสารที่มีประสิทธิภาพ,English grammar is fundamental knowledge for effective communication.,fundamental,English grammar is _______ knowledge for effective communication.,พื้นฐาน,ไวยากรณ์ภาษาอังกฤษเป็นความรู้_______ของการใช้สื่อสารที่มีประสิทธิภาพ
framework,โครงสร้าง,ผมสังเกตว่า โครงสร้างตึกที่ประเทศสหรัฐฯ ส่วนใหญ่จะเป็นโครงสร้างเหล็ก,I have noticed that the frameworks of the buildings in the U.S. are mostly metal.,framework,I have noticed that the _______ of the buildings in the U.S. are mostly metal.,โครงสร้าง,ผมสังเกตว่า _______ตึกที่ประเทศสหรัฐฯ ส่วนใหญ่จะเป็น_______เหล็ก
"function, n.",หน้าที่,จอตามีหน้าที่หลักสองประการ,The retina has two main functions.,function,The retina has two main _______.,หน้าที่,จอตามี_______หลักสองประการ
"fund, n.",กองทุน,กองทุนรวมหุ้นระยะยาวนี้เป็นกองทุนแบบเปิดซึ่งผู้ถือหุ้นมีสิทธิ์ไถ่ถอนได้ไม่เกินปีละสองครั้ง,A long term fund is an open-ended fund with redemption rights not exceeding twice a year.,fund,A long term _______ is an open-ended _______ with redemption rights not exceeding twice a year.,กองทุน,_______รวมหุ้นระยะยาวนี้เป็น_______แบบเปิดซึ่งผู้ถือหุ้นมีสิทธิ์ไถ่ถอนได้ไม่เกินปีละสองครั้ง
gender,เพศ,ตำแหน่งนี้จะไม่มีข้อจำกัดเรื่องเพศและการศึกษา,This position has no restrictions for gender and education.,gender,This position has no restrictions for _______ and education.,เพศ,ตำแหน่งนี้จะไม่มีข้อจำกัดเรื่อง_______และการศึกษา
"generation, n. (conceptual)",รุ่น,เราพยายามจะเปลี่ยนระบบในพม่า เพื่อสร้างคนรุ่นใหม่,We are trying to change the system in Burma to build up a new generation.,generation,We are trying to change the system in Burma to build up a new _______.,รุ่น,เราพยายามจะเปลี่ยนระบบในพม่า เพื่อสร้างคน_______ใหม่
"generation, n. (conceptual)",รุ่น,บริษัทไม่ได้นำรถรุ่นที่สองเข้ามาจำหน่าย,The company skipped sales of the second-generation model.,generation,The company skipped sales of the second-_______ model.,รุ่น,บริษัทไม่ได้นำรถ_______ที่สองเข้ามาจำหน่าย
"generation, n. (timespan)",ชั่วคน,ความสามารถทางศิลปะในครอบครัวนี้สืบทอดมาหลายชั่วคน,Artistic ability in this family has been passed down through many generations.,generation,Artistic ability in this family has been passed down through many _______.,ชั่วคน,ความสามารถทางศิลปะในครอบครัวนี้สืบทอดมาหลาย_______
goal,เป้าหมาย,เป้าหมายสูงสุดของโครงการที่ท่านเสนอมาจะค้านกับความเป็นจริง,The ultimate goal of the project you have proposed is at odds with reality.,goal,The ultimate _______ of the project you have proposed is at odds with reality.,เป้าหมาย,_______สูงสุดของโครงการที่ท่านเสนอมาจะค้านกับความเป็นจริง
"grade, n. (quality)",ระดับ,สินค้าหัตถกรรมที่มีรูปแบบทางตะวันออกนั้นแบ่งออกเป็นสองระดับ,Eastern-style handicrafts are divided into two grades.,grade,Eastern-style handicrafts are divided into two _______.,ระดับ,สินค้าหัตถกรรมที่มีรูปแบบทางตะวันออกนั้นแบ่งออกเป็นสอง_______
"guarantee, v.",รับรอง,ผมรับรองได้ว่าเขาสามารถทำต่อไปได้อย่างดีมากโดยไม่มีพวกเรา,I can guarantee that he will continue to do well without us.,guarantee,I can _______ that he will continue to do well without us.,รับรอง,ผม_______ได้ว่าเขาสามารถทำต่อไปได้อย่างดีมากโดยไม่มีพวกเรา
hypothesis,สมมุติฐาน,ผลการศึกษาของเราสนับสนุนสมมุติฐานที่ว่ายาตัวนี้อาจจะช่วยป้องกันโรคอัลไซเมอรส์ได้," ""The results of our study support the hypothesis that this drug may prevent Alzheimer's disease.""",hypothesis," ""The results of our study support the _______ that this drug may prevent Alzheimer's disease.""",สมมุติฐาน,ผลการศึกษาของเราสนับสนุน_______ที่ว่ายาตัวนี้อาจจะช่วยป้องกันโรคอัลไซเมอรส์ได้
identify,พิสูจน์เอกลักษณ์,ทันตแพทย์อาสาสมัครช่วยพิสูจน์เอกลักษณ์ศพมากมายที่เกิดจากคลื่นยักษ์สึนะมิ,Volunteer dentists are helping to identify the many corpses left in the wake of the tsunami,identify,Volunteer dentists are helping to _______ the many corpses left in the wake of the tsunami,พิสูจน์เอกลักษณ์,ทันตแพทย์อาสาสมัครช่วย_______ศพมากมายที่เกิดจากคลื่นยักษ์สึนะมิ
identity,เอกลักษณ์,นวนิยายเรื่องนี้เขียนมาจากการแสวงหาเอกลักษณ์ของตัวผู้เขียน (ประพันธ์),The novel is based on the author's search for his own identity.,identity,The novel is based on the author's search for his own _______.,เอกลักษณ์,นวนิยายเรื่องนี้เขียนมาจากการแสวงหา_______ของตัวผู้เขียน (ประพันธ์)
ideology,อุดมคติ,ประธานวุฒิสภาต้องมีอุดมคติ และมีวิสัยทัศน์,The president of the senate must have ideology and vision.,ideology,The president of the senate must have _______ and vision.,อุดมคติ,ประธานวุฒิสภาต้องมี_______ และมีวิสัยทัศน์
ideological,เชิงอุดมคติ,นักการเมืองประเภทนี้ได้ทำให้ความหมายในเชิงอุดมคติของประชานิยมสูญเสียไป,This type of politician has caused populism to lose ideological meaning.,ideological,This type of politician has caused populism to lose _______ meaning.,เชิงอุดมคติ,นักการเมืองประเภทนี้ได้ทำให้ความหมายใน_______ของประชานิยมสูญเสียไป
illegal,ผิดกฎหมาย,เขาเอาหวยใต้ดินที่ผิดกฎหมาย มาทำเป็นหวยบนดินที่ถูกกฎหมาย,They have taken the illegal underground lottery and made it a legal above-ground lottery.,illegal,They have taken the _______ underground lottery and made it a legal above-ground lottery.,ผิดกฎหมาย,เขาเอาหวยใต้ดินที่_______ มาทำเป็นหวยบนดินที่ถูกกฎหมาย
"image, n. (popular conception)",ภาพลักษณ์,นายกรัฐมนตรีส่งเสริมภาพลักษณ์ทางการเมืองของท่าน โดยไปปรากฏตัวตามที่สาธารณะหลายต่อหลายหน,The prime minister promoted his political image by appearing at many public events.,image,The prime minister promoted his political _______ by appearing at many public events.,ภาพลักษณ์,นายกรัฐมนตรีส่งเสริม_______ทางการเมืองของท่าน โดยไปปรากฏตัวตามที่สาธารณะหลายต่อหลายหน
"image, n. (picture)",ภาพ,จอตารับภาพจากแก้วตา แล้วเชื่อมต่อกับประสาทตา,"The retina receives images from the lens, and connects with the optic nerve.",image,"The retina receives _______ from the lens, and connects with the optic nerve.",ภาพ,จอตารับ_______จากแก้วตา แล้วเชื่อมต่อกับประสาทตา
"impact, n. (effect)",ผลกระทบ,คณะวิจัยจะสำรวจผลกระทบด้านสิ่งแวดล้อมเป็นระยะเวลา 10 ปี,The research team will survey the environmental impact for a period of 10 years.,impact,The research team will survey the environmental _______ for a period of 10 years.,ผลกระทบ,คณะวิจัยจะสำรวจ_______ด้านสิ่งแวดล้อมเป็นระยะเวลา 10 ปี
"impact, v. (have effect)",ส่งผลกระทบ,(ถ้า) (หาก)มีความขัดแย้งเกิดขึ้น จะส่งผลกระทบต่ออุปทานน้ำมัน,"If conflicts arise, it will impact oil supplies.",impact,"If conflicts arise, it will _______ oil supplies.",ส่งผลกระทบ,(ถ้า) (หาก)มีความขัดแย้งเกิดขึ้น จะ_______ต่ออุปทานน้ำมัน
"impact, n. (physical force)",แรงกระแทก,แรงกระแทกทำให้ลูกกรงสั่นสะเทือนอย่างแรง,The impact shook the bars of the cage violently.,impact,The _______ shook the bars of the cage violently.,แรงกระแทก,_______ทำให้ลูกกรงสั่นสะเทือนอย่างแรง
income,รายได้,เขามีรายได้เพิ่มขึ้นจากวันละ 400 บาทเป็น 800 บาท,His income has increased from 400 to 800 baht per day.,income,His _______ has increased from 400 to 800 baht per day.,รายได้,เขามี_______เพิ่มขึ้นจากวันละ 400 บาทเป็น 800 บาท
indicate,บ่งชี้,ไม่มีสิ่งใดบ่งชี้ถึงสิ่งที่บรรจุอยู่ภายในกล่อง (เครื่องประดับเป็นตัวบ่งชี้ถึงฐานะของผู้สวมใส่),There was nothing to indicate the contents of the box.,indicate,There was nothing to _______ the contents of the box.,บ่งชี้,ไม่มีสิ่งใด_______ถึงสิ่งที่บรรจุอยู่ภายในกล่อง (เครื่องประดับเป็นตัว_______ถึงฐานะของผู้สวมใส่)
"individual, n.",บุคคล,(มี)บุคคลผู้มีใจเอื้อเฟื้อหลายท่าน(ที่) (ได้)ให้การสนับสนุนเงินช่วยเหลือ(ทาง)การศึกษา,There are many generous individuals who have supported the education fund.,individual,There are many generous _______ who have supported the education fund.,บุคคล,(มี)_______ผู้มีใจเอื้อเฟื้อหลายท่าน(ที่) (ได้)ให้การสนับสนุนเงินช่วยเหลือ(ทาง)การศึกษา
"individual, adj.",รายบุคคล,โรงเรียนนี้ส่งเสริมสุขภาพของร่างกาย (โดย) (ด้วย)การ(ปฎิบัติ) (ทำ)กิจกรรมเป็น(ทั้ง)กลุ่ม และรายบุคคล,This school encourages physical fitness through both team and individual activities.,individual,This school encourages physical fitness through both team and _______ activities.,รายบุคคล,โรงเรียนนี้ส่งเสริมสุขภาพของร่างกาย (โดย) (ด้วย)การ(ปฎิบัติ) (ทำ)กิจกรรมเป็น(ทั้ง)กลุ่ม และ_______
inevitably,อย่างหลีกเลี่ยงไม่ได้,ปีนี้จังหวัดยโสธรจะประสบภาวะภัยแล้งอย่างหลีกเลี่ยงไม่ได้,This year Yasothon province will inevitably experience a drought.,inevitably,This year Yasothon province will _______ experience a drought.,อย่างหลีกเลี่ยงไม่ได้,ปีนี้จังหวัดยโสธรจะประสบภาวะภัยแล้ง_______
"inflation, (economics)",เงินเฟ้อ,เงินเฟ้อพื้นฐาน(ปีนี้จะ)อยู่ที่ร้อยละ 2.4-2.6,Base inflation is around 2.4 to 2.6 percent.,inflation,Base _______ is around 2.4 to 2.6 percent.,เงินเฟ้อ,_______พื้นฐาน(ปีนี้จะ)อยู่ที่ร้อยละ 2.4-2.6
"initial, adj.",เริ่มแรก,เหตุจูงใจเริ่มแรกของเด็กๆ ที่เข้าไปร่วมแข่งขันชิงรางวัลนี้แตกต่างกันไป,The children's initial motives for competing for the awards were varied.,initial,The children's _______ motives for competing for the awards were varied.,เริ่มแรก,เหตุจูงใจ_______ของเด็กๆ ที่เข้าไปร่วมแข่งขันชิงรางวัลนี้แตกต่างกันไป
initiate,ริเริ่ม,ประเทศญี่ปุ่นไม่คิดที่จะริเริ่มพัฒนาอาวุธนิวเคลียร์,Japan is not thinking of initiating nuclear weapons development.,initiate,Japan is not thinking of _______ nuclear weapons development.,ริเริ่ม,ประเทศญี่ปุ่นไม่คิดที่จะ_______พัฒนาอาวุธนิวเคลียร์
"injured, adj.",บาดเจ็บ,มีผู้เสียชีวิตและบาดเจ็บเป็นจำนวนมากจากเหตุการณ์ไฟไหม้เมื่อวาน,There were many people killed and injured in yesterday's fire.,injured,There were many people killed and _______ in yesterday's fire.,บาดเจ็บ,มีผู้เสียชีวิตและ_______เป็นจำนวนมากจากเหตุการณ์ไฟไหม้เมื่อวาน
innovation,นวัตกรรม,แต่ละกลุ่มได้รวบรวมสุดยอดนวัตกรรมใหม่ๆ จากผู้ผลิตทั้งไทยและนานาชาติ,Each group collected the best new innovations from both Thai and international manufacturers.,innovation,Each group collected the best new _______ from both Thai and international manufacturers.,นวัตกรรม,แต่ละกลุ่มได้รวบรวมสุดยอด_______ใหม่ๆ จากผู้ผลิตทั้งไทยและนานาชาติ
inspect,ตรวจ,ท่านผู้โดยสารทุกท่าน โปรดตรวจสัมภาระของท่านก่อนลงจากรถ,"Passengers, please inspect your belongings before disembarking.",inspect,"Passengers, please _______ your belongings before disembarking.",ตรวจ,ท่านผู้โดยสารทุกท่าน โปรด_______สัมภาระของท่านก่อนลงจากรถ
"institute, n.",สถาบัน,สถาบันอุดมศึกษาของไทยได้เพิ่มจำนวนขึ้นในช่วงทศวรรษที่ผ่านมา,The number of Thai institutes of higher learning have increased in the last decade.,institute,The number of Thai _______ of higher learning have increased in the last decade.,สถาบัน,_______อุดมศึกษาของไทยได้เพิ่มจำนวนขึ้นในช่วงทศวรรษที่ผ่านมา
insufficient,ไม่เพียงพอ,เนื่องจากยังมีหลักฐานไม่เพียงพอ ตำรวจจึงไม่สามารถปิดคดีได้,"Due to insufficient evidence, the police were unable to close the case.",insufficient,"Due to _______ evidence, the police were unable to close the case.",ไม่เพียงพอ,เนื่องจากยังมีหลักฐาน_______ ตำรวจจึงไม่สามารถปิดคดีได้
"intelligence, n. (information)",ข่าวกรอง,ประธานาธิบดีบุชสั่งการให้หน่วยข่าวกรองยืนยันว่า สายลับภายในประเทศอิหร่านน่าเชื่อถือมากน้อยแค่ไหน,President Bush ordered intelligence units to confirm how reliable agents in Iran are.,intelligence,President Bush ordered _______ units to confirm how reliable agents in Iran are.,ข่าวกรอง,ประธานาธิบดีบุชสั่งการให้หน่วย_______ยืนยันว่า สายลับภายในประเทศอิหร่านน่าเชื่อถือมากน้อยแค่ไหน
"intelligence, n. (ability)",เชาวน์ปัญญา,มูลนิธิกองทุนกอริลลาได้ทำการศึกษาวิจัยเชาวน์ปัญญาของกอริลลามาหลายปีแล้ว,The Gorilla Foundation has studied gorilla intelligence for many years.,intelligence,The Gorilla Foundation has studied gorilla _______ for many years.,เชาวน์ปัญญา,มูลนิธิกองทุนกอริลลาได้ทำการศึกษาวิจัย_______ของกอริลลามาหลายปีแล้ว
internal,ภายใน,การลาออกจะไม่ก่อให้เกิดความกดดันภายใน เพราะรัฐมนตรีที่เหลือยังสามารถทำงานต่อไปได้,"The resignation will not create internal pressure, since the remaining ministers are still able to perform.",internal,"The resignation will not create _______ pressure, since the remaining ministers are still able to perform.",ภายใน,การลาออกจะไม่ก่อให้เกิดความกดดัน_______ เพราะรัฐมนตรีที่เหลือยังสามารถทำงานต่อไปได้
internal,ภายใน,มีอุปสรรคจากปัจจัยทั้งภายในและภายนอก,There are obstacles from both internal and external factors.,internal,There are obstacles from both _______ and external factors.,ภายใน,มีอุปสรรคจากปัจจัยทั้ง_______และภายนอก
"invest, v. (finance)",ลงทุน,ประเทศควรจะลงทุนปลูกพืชเพื่อผลิตเชื้อเพลิงทางเลือก เพื่อเป็นการรับประกันความมั่นคงของประเทศ,The country should invest in cultivation of alternative fuels to ensure the country's security.,invest,The country should _______ in cultivation of alternative fuels to ensure the country's security.,ลงทุน,ประเทศควรจะ_______ปลูกพืชเพื่อผลิตเชื้อเพลิงทางเลือก เพื่อเป็นการรับประกันความมั่นคงของประเทศ
investigate,ตรวจสอบ,องค์กรนี้ได้รับมอบหมายให้ตรวจสอบคำร้องเรียนของผู้เลี้ยงปลาดุก,The organization is tasked with investigating the claims of the catfish farmers.,investigate,The organization is tasked with _______ the claims of the catfish farmers.,ตรวจสอบ,องค์กรนี้ได้รับมอบหมายให้_______คำร้องเรียนของผู้เลี้ยงปลาดุก
"issue, n. (topic)",ประเด็น,ประเด็นนี้จะมีการร้องเรียนไปถึงสหประชาชาติ,This issue will be petitioned to the United Nations.,issue,This _______ will be petitioned to the United Nations.,ประเด็น,_______นี้จะมีการร้องเรียนไปถึงสหประชาชาติ
journal,วารสาร,รายงานฉบับเต็มจะตีพิมพ์ลงในวารสารวิทยาศาสตร์,The full report will be published in science journals.,journal,The full report will be published in science _______.,วารสาร,รายงานฉบับเต็มจะตีพิมพ์ลงใน_______วิทยาศาสตร์
"labor, n.",แรงงาน,แรงงานไทยจะต้องได้รับการพัฒนาเพื่อที่จะแข่งขันได้ในตลาดแรงงานนานาชาติ,Thai labor must be improved to compete in the international labor market.,labor,Thai _______ must be improved to compete in the international _______ market.,แรงงาน,_______ไทยจะต้องได้รับการพัฒนาเพื่อที่จะแข่งขันได้ในตลาด_______นานาชาติ
"legal, (not illegal)",ถูกกฎหมาย,มีความพยายามที่จะเอาหวยใต้ดินที่ผิดกฎหมาย มาทำให้เป็นหวยบนดินที่ถูกกฎหมาย,There are efforts to take the illegal underground lottery and make it a legal above-ground lottery.,legal,There are efforts to take the illegal underground lottery and make it a _______ above-ground lottery.,ถูกกฎหมาย,มีความพยายามที่จะเอาหวยใต้ดินที่ผิดกฎหมาย มาทำให้เป็นหวยบนดินที่_______
"liberal, adj. (politics)",เสรีนิยม,ผู้แทนจากพรรคเดโมแครตนั้นมักจะเป็นพวกเสรีนิยม,Representatives from the Democratic Party tend to be liberals.,liberal,Representatives from the Democratic Party tend to be _______.,เสรีนิยม,ผู้แทนจากพรรคเดโมแครตนั้นมักจะเป็นพวก_______
logic,ตรรกะ,ลองหลับตาแล้วใช้ตรรกะพิจารณาดู,Close your eyes and use logic to consider it.,logic,Close your eyes and use _______ to consider it.,ตรรกะ,ลองหลับตาแล้วใช้_______พิจารณาดู
"maintain, (confirm)",ยืนยัน,ประธานรัฐสภาได้ยืนยันว่าเขาได้ทำสิ่งที่ถูกต้องแล้ว,The House Speaker maintained he had done the right thing.,maintain,The House Speaker _______ he had done the right thing.,ยืนยัน,ประธานรัฐสภาได้_______ว่าเขาได้ทำสิ่งที่ถูกต้องแล้ว
"maintain, (preserve)",รักษา,เพื่อรักษากฎระเบียบของโรงเรียน ผมต้องทำอะไรสักอย่าง,"In order to maintain the school regulations, I had to take action.",maintain,"In order to _______ the school regulations, I had to take action.",รักษา,เพื่อ_______กฎระเบียบของโรงเรียน ผมต้องทำอะไรสักอย่าง
"media, n. (mass media)",สื่อมวลชน,เราเชื่อกันว่า การจำกัดเสรีภาพของสื่อมวลชนก็จะสิ้นสุดลงหลังสิ้นสุดระบอบทักษิณ,We believed that restrictions of media freedom would end after the end of the Thaksin regime.,media,We believed that restrictions of _______ freedom would end after the end of the Thaksin regime.,สื่อมวลชน,เราเชื่อกันว่า การจำกัดเสรีภาพของ_______ก็จะสิ้นสุดลงหลังสิ้นสุดระบอบทักษิณ
"media, n. (pl. of medium)",สื่อ,สื่อทุกแขนง ไม่ว่าจะเป็นวิทยุโทรทัศน์ หรือสิ่งพิมพ์ ต่างก็มีอิทธิพลทางความคิดทั้งสิ้น,"All branches of the media influence opinion--whether radio, television, or print.",media,"All branches of the _______ influence opinion--whether radio, television, or print.",สื่อ,_______ทุกแขนง ไม่ว่าจะเป็นวิทยุโทรทัศน์ หรือสิ่งพิมพ์ ต่างก็มีอิทธิพลทางความคิดทั้งสิ้น
"medium, n. (sg. of media)",สื่อ,ภาพยนตร์เป็นสื่ออย่างหนึ่งที่ไปถึงได้ทุกที่โดยไร้ขอบเขตจำกัด,Film is a medium that is not bound in its reach.,medium,Film is a _______ that is not bound in its reach.,สื่อ,ภาพยนตร์เป็น_______อย่างหนึ่งที่ไปถึงได้ทุกที่โดยไร้ขอบเขตจำกัด
medical,แพทย์,"ศูนย์แพทย์แห่งนี้ให้การรักษาคนปีละกว่า 50,000 คน","The medical centre treats more than 50,000 each year.",medical,"The _______ centre treats more than 50,000 each year.",แพทย์,"ศูนย์_______แห่งนี้ให้การรักษาคนปีละกว่า 50,000 คน"
medical,แพทย์,สองคนเป็นนักศึกษาหนุ่มจากวิทยาลัยแพทย์,Two of them were young students from a medical college.,medical,Two of them were young students from a _______ college.,แพทย์,สองคนเป็นนักศึกษาหนุ่มจากวิทยาลัย_______
"mental, adj. (of the mind)",ทางจิต,สตรีสูงอายุที่ใช้ยาตัวนี้ มีความบกพร่องทางจิตน้อยกว่าผู้ที่ไม่ใช้ยา,Older women who took this drug had less mental impairment than non-users.,mental,Older women who took this drug had less _______ impairment than non-users.,ทางจิต,สตรีสูงอายุที่ใช้ยาตัวนี้ มีความบกพร่อง_______น้อยกว่าผู้ที่ไม่ใช้ยา
method,วิธีการ,นี่คือวิธีการใหม่ล่าสุดที่ใช้ในการเพิ่มจำนวนนักลงทุน,This is the latest method for increasing the number of investors.,method,This is the latest _______ for increasing the number of investors.,วิธีการ,นี่คือ_______ใหม่ล่าสุดที่ใช้ในการเพิ่มจำนวนนักลงทุน
minimum,ขั้นต่ำ,ในพื้นที่เขต 2 ซึ่งมี 6 จังหวัด อัตราค่าจ้างขั้นต่ำอยู่ที่วันละ 140 บาท,"In the area of district 2, which has six provinces, the minimum wage is 140 baht per day.",minimum,"In the area of district 2, which has six provinces, the _______ wage is 140 baht per day.",ขั้นต่ำ,ในพื้นที่เขต 2 ซึ่งมี 6 จังหวัด อัตราค่าจ้าง_______อยู่ที่วันละ 140 บาท
"ministry, n. (government)",กระทรวง,กระทรวงได้ขอร้องให้หลักสูตรเราครอบคลุมอย่างน้อย 60 เปอร์เซ็นต์ของคู่มือใหม่,The ministry has requested that we cover at least 60 percent of the new guidelines.,ministry,The _______ has requested that we cover at least 60 percent of the new guidelines.,กระทรวง,_______ได้ขอร้องให้หลักสูตรเราครอบคลุมอย่างน้อย 60 เปอร์เซ็นต์ของคู่มือใหม่
"ministry, n. (government)",กระทรวง,นายสุทัศน์กล่าวว่า กระทรวงมหาดไทยได้ประสานงานกับกระทรวงการต่างประเทศเรียบร้อยแล้ว,Mr. Suthat stated that the Ministry of Interior has coordinated with the Ministry of Foreign Affairs,ministry,Mr. Suthat stated that the Ministry of Interior has coordinated with the Ministry of Foreign Affairs,กระทรวง,นายสุทัศน์กล่าวว่า _______มหาดไทยได้ประสานงานกับ_______การต่างประเทศเรียบร้อยแล้ว
"motion, n. (politics)",ญัตติ,สภาผู้แทนราษฎรจะยื่นญัตติต่อคณะกรรมาธิการ,The House of Representatives will file a motion with the committee.,motion,The House of Representatives will file a _______ with the committee.,ญัตติ,สภาผู้แทนราษฎรจะยื่น_______ต่อคณะกรรมาธิการ
motive,เหตุจูงใจ,เหตุจูงใจเริ่มแรก ที่เข้าไปร่วมชิงรางวัลนี้แตกต่างกันไป,Initial motives for competing for the awards were varied.,motive,Initial _______ for competing for the awards were varied.,เหตุจูงใจ,_______เริ่มแรก ที่เข้าไปร่วมชิงรางวัลนี้แตกต่างกันไป
network,เครือข่าย,เครือข่ายผู้ก่อการร้ายยังคงดำเนินอยู่,The terrorist network continues to operate.,network,The terrorist _______ continues to operate.,เครือข่าย,_______ผู้ก่อการร้ายยังคงดำเนินอยู่
normal,ปกติ,การหลงลืมปกติที่เป็นไปตามวัยนั้นอาจจะกลายเป็นอาการสมองเสื่อมอย่างอ่อนได้,Normal age-related forgetfulness can become mild cognitive impairment.,normal,Normal age-related forgetfulness can become mild cognitive impairment.,ปกติ,การหลงลืม_______ที่เป็นไปตามวัยนั้นอาจจะกลายเป็นอาการสมองเสื่อมอย่างอ่อนได้
notion,แนวคิด,แนวคิดเรื่องระบบคะแนนไม่ค่อยได้รับความนิยมในยุโรป,The notion of a points system has been slow to catch on in Europe.,notion,The _______ of a points system has been slow to catch on in Europe.,แนวคิด,_______เรื่องระบบคะแนนไม่ค่อยได้รับความนิยมในยุโรป
nuclear,ปรมาณู,ญี่ปุ่นไม่คิดที่จะริเริ่มพัฒนาอาวุธปรมาณู,Japan is not thinking of initiating nuclear weapons development.,nuclear,Japan is not thinking of initiating _______ weapons development.,ปรมาณู,ญี่ปุ่นไม่คิดที่จะริเริ่มพัฒนาอาวุธ_______
nuclear,ปรมาณู,มีการเสนอให้สร้างโรงไฟฟ้าพลังงานปรมาณู เพื่อลดความรุนแรงของวิกฤติน้ำมัน,"It has been suggested to build a nuclear power plant, to reduce the severity of the oil crisis.",nuclear,"It has been suggested to build a _______ power plant, to reduce the severity of the oil crisis.",ปรมาณู,มีการเสนอให้สร้างโรงไฟฟ้าพลังงาน_______ เพื่อลดความรุนแรงของวิกฤติน้ำมัน
objective,วัตถุประสงค์,โครงการวิจัยจะบรรลุวัตถุประสงค์ภายในปีนี้,The research project will fulfill its objectives within this year.,objective,The research project will fulfill its _______ within this year.,วัตถุประสงค์,โครงการวิจัยจะบรรลุ_______ภายในปีนี้
occupy,ยึดครอง,ประเทศญี่ปุ่นได้ยึดครองประเทศไทย ในช่วงสงครามโลกครั้งที่สอง,Japan occupied Thailand during World War II.,occupy,Japan _______ Thailand during World War II.,ยึดครอง,ประเทศญี่ปุ่นได้_______ประเทศไทย ในช่วงสงครามโลกครั้งที่สอง
occur,เกิดขึ้น,ความแปรปรวนของอากาศที่เกิดขึ้นในระยะนี้เป็นผลจากภาวะโลกร้อน,Weather fluctuations occurring now are the result of global warming.,occur,Weather fluctuations _______ now are the result of global warming.,เกิดขึ้น,ความแปรปรวนของอากาศที่_______ในระยะนี้เป็นผลจากภาวะโลกร้อน
option,ทางเลือก,ผู้ใช้แรงงานไม่มีทางเลือกมากนักในสถานการณ์เช่นนี้ นอกจากต้องประหยัดมากขึ้น,"Workers have few options in a situation like this, other than to be more frugal.",option,"Workers have few _______ in a situation like this, other than to be more frugal.",ทางเลือก,ผู้ใช้แรงงานไม่มี_______มากนักในสถานการณ์เช่นนี้ นอกจากต้องประหยัดมากขึ้น
outcome,ผล,ความสัมพันธ์นี้จะเกิดผลเป็นรูปธรรม ทั้งเศรษฐกิจ เทคโนโลยี การท่องเที่ยว และแฟชั่น,"This relationship will lead to a tangible outcome in economics, technology, tourism, and fashion.",outcome,"This relationship will lead to a tangible _______ in economics, technology, tourism, and fashion.",ผล,ความสัมพันธ์นี้จะเกิด_______เป็นรูปธรรม ทั้งเศรษฐกิจ เทคโนโลยี การท่องเที่ยว และแฟชั่น
outcome,ผล,ขณะนี้ยังสรุปผลของการประชุมไม่ได้,"At this point, the outcome of the meeting cannot be finalized.",outcome,"At this point, the _______ of the meeting cannot be finalized.",ผล,ขณะนี้ยังสรุป_______ของการประชุมไม่ได้
"output, n. (production)",ผลผลิต,ผลผลิตยางพาราใน 3 จังหวัดภาคใต้ ได้ลดลงถึง 15 %,Rubber output in the three southern provinces has dropped by 15 %.,output,Rubber _______ in the three southern provinces has dropped by 15 %.,ผลผลิต,_______ยางพาราใน 3 จังหวัดภาคใต้ ได้ลดลงถึง 15 %
"overall, adj.",รวม,โดยภาพรวม สื่อพยายามที่จะให้ความสำคัญกับการตรวจสอบ,"In the overall picture, the media has given importance to the investigation.",overall,"In the _______ picture, the media has given importance to the investigation.",รวม,โดยภาพ_______ สื่อพยายามที่จะให้ความสำคัญกับการตรวจสอบ
participate,เข้าร่วม,เด็กนักเรียนชั้นประถม 100 คน จะมาเข้าร่วมการทดสอบ,One hundred primary school children will participate in the test program.,participate,One hundred primary school children will _______ in the test program.,เข้าร่วม,เด็กนักเรียนชั้นประถม 100 คน จะมา_______การทดสอบ
percent,ร้อยละ,เงินเฟ้อพื้นฐานอยู่ที่ร้อยละ 2.4-2.6,Base inflation is around 2.4 to 2.6 percent.,percent,Base inflation is around 2.4 to 2.6 _______.,ร้อยละ,เงินเฟ้อพื้นฐานอยู่ที่_______ 2.4-2.6
"policy, (procedure)",นโยบาย,แม้ประเทศกำลังพัฒนาต้องการจะปฏิบัติตามนโยบาย แต่ก็มีความสามารถไม่เพียงพอ,"Even if developing countries wish to comply with the policy, they lack the capacity.",policy,"Even if developing countries wish to comply with the _______, they lack the capacity.",นโยบาย,แม้ประเทศกำลังพัฒนาต้องการจะปฏิบัติตาม_______ แต่ก็มีความสามารถไม่เพียงพอ
"policy, (insurance)",กรมธรรม์,การขายกรมธรรม์แผนใหม่ๆ จะมีค่านายหน้าสูงสุดถึง 40 เปอร์เซ็นต์,Sales of new policies will have a commission as high as 40%.,policy,Sales of new _______ will have a commission as high as 40%.,กรมธรรม์,การขาย_______แผนใหม่ๆ จะมีค่านายหน้าสูงสุดถึง 40 เปอร์เซ็นต์
"potential, n.",ศักยภาพ,ประเทศอิหร่านเป็นประเทศที่มีศักยภาพพอสมควรในการ(ที่จะ)พัฒนาอาวุธนิวเคลียร์(ได้),Iran is a country with considerable potential to develop nuclear weapons.,potential,Iran is a country with considerable _______ to develop nuclear weapons.,ศักยภาพ,ประเทศอิหร่านเป็นประเทศที่มี_______พอสมควรในการ(ที่จะ)พัฒนาอาวุธนิวเคลียร์(ได้)
predict,คาดการณ์,รายงานวิจัยชิ้นนี้คาดการณ์ว่าภายในปี ค.ศ. 2050 ทั่วโลกจะมีความต้องการน้ำเพิ่มขึ้นอีก 30-85%,"This research predicts that by the year 2050, there will be a worldwide 30-85 percent increase in demand for water.",predict,"This research _______ that by the year 2050, there will be a worldwide 30-85 percent increase in demand for water.",คาดการณ์,รายงานวิจัยชิ้นนี้_______ว่าภายในปี ค.ศ. 2050 ทั่วโลกจะมีความต้องการน้ำเพิ่มขึ้นอีก 30-85%
prejudice,อคติ,รัฐบาลจำเป็นต้องปฏิบัติอต่อประชาชนย่างปราศจากอคติ,The government must behave towards the people without prejudice.,prejudice,The government must behave towards the people without _______.,อคติ,รัฐบาลจำเป็นต้องปฏิบัติอต่อประชาชนย่างปราศจาก_______
"project, n.",โครงการ,ปัญหาในการควบคุมโครงการก่อสร้างนี่มีอะไรบ้าง,What kinds of problems are there in managing a construction project?,project,What kinds of problems are there in managing a construction _______?,โครงการ,ปัญหาในการควบคุม_______ก่อสร้างนี่มีอะไรบ้าง
"project, n.",โครงการ,โครงการนี้ต้องเดินหน้าต่อไป เพราะได้ลงนามในสัญญาก่อสร้างเรียบร้อยแล้ว,This project must go ahead because a construction contract has already been signed.,project,This _______ must go ahead because a construction contract has already been signed.,โครงการ,_______นี้ต้องเดินหน้าต่อไป เพราะได้ลงนามในสัญญาก่อสร้างเรียบร้อยแล้ว
promote,ส่งเสริม,นายกรัฐมนตรีส่งเสริมภาพลักษณ์ทางการเมืองของท่าน โดยไปปรากฏตัวตามที่สาธารณะหลายต่อหลายหน,The prime minister promoted his political image by appearing at many public events.,promote,The prime minister _______ his political image by appearing at many public events.,ส่งเสริม,นายกรัฐมนตรี_______ภาพลักษณ์ทางการเมืองของท่าน โดยไปปรากฏตัวตามที่สาธารณะหลายต่อหลายหน
proportion,สัดส่วน,โครงสร้างและสัดส่วนใบหน้าของชาวผิวขาวและชาวเอเชียมีความแตกต่างกัน,The facial structures and proportions of Caucasians and Asians are different.,proportion,The facial structures and _______ of Caucasians and Asians are different.,สัดส่วน,โครงสร้างและ_______ใบหน้าของชาวผิวขาวและชาวเอเชียมีความแตกต่างกัน
psychology,จิตวิทยา,ทั้งสองต้องเรียนรู้หลักสูตรทั้งจิตวิทยา พลศึกษา และการโภชนาการ,"Both must take courses in psychology, physical education, and nutrition.",psychology,"Both must take courses in _______, physical education, and nutrition.",จิตวิทยา,ทั้งสองต้องเรียนรู้หลักสูตรทั้ง_______ พลศึกษา และการโภชนาการ
psychologist,นักจิตวิทยา,หลักสูตรนี้สอนโดยหมอผี นักจิตวิทยา และตำรวจผู้เชี่ยวชาญอาชญาวิทยา,"The course is taught by exorcists, psychologists and a police criminologist.",psychologist,"The course is taught by exorcists, _______ and a police criminologist.",นักจิตวิทยา,หลักสูตรนี้สอนโดยหมอผี _______ และตำรวจผู้เชี่ยวชาญอาชญาวิทยา
"publish, (print a written work)",ตีพิมพ์,การศึกษาเรื่องนี้ขัดแย้งกับงานที่ตีพิมพ์แล้วชิ้นหนึ่งเมื่อเดือนมิถุนายน,This study contradicts one published in June.,publish,This study contradicts one _______ in June.,ตีพิมพ์,การศึกษาเรื่องนี้ขัดแย้งกับงานที่_______แล้วชิ้นหนึ่งเมื่อเดือนมิถุนายน
"publish, (disseminate a written work)",พิมพ์เผยแพร่,ความสำเร็จที่ยิ่งใหญ่ครั้งแรกของเขาพิมพ์เผยแพร่เมื่อปี 1961,His first major success was published in 1961.,publish,His first major success was _______ in 1961.,พิมพ์เผยแพร่,ความสำเร็จที่ยิ่งใหญ่ครั้งแรกของเขา_______เมื่อปี 1961
"publish, (disseminate)",เผยแพร่,องค์กรนี้เผยแพร่รายงานฉบับหนึ่งก่อนถึงการประชุมเรื่องการเปลี่ยนแปลงภูมิอากาศที่กรุงลอนดอน,This organization published a report in the run-up to meetings in London on climate change.,publish,This organization _______ a report in the run-up to meetings in London on climate change.,เผยแพร่,องค์กรนี้_______รายงานฉบับหนึ่งก่อนถึงการประชุมเรื่องการเปลี่ยนแปลงภูมิอากาศที่กรุงลอนดอน
ratio,อัตราส่วน,จากการวิเคราะห์อัตราส่วนคาร์บอน-14 นักวิจัยสามารถคำนวณอายุของปลาหมึกชนิดนี้ได้,"By analyzing carbon-14 ratios, the researchers were able to calculate an age for this kind of squid.",ratio,"By analyzing carbon-14 _______, the researchers were able to calculate an age for this kind of squid.",อัตราส่วน,จากการวิเคราะห์_______คาร์บอน-14 นักวิจัยสามารถคำนวณอายุของปลาหมึกชนิดนี้ได้
reaction,ปฏิกิริยา,ปฏิกิริยาขั้นต้นจากนักวิทยาศาสตร์คือ ขอรอดูรายงานฉบับเต็ม,The first reaction from scientists was to wait and see the full report.,reaction,The first _______ from scientists was to wait and see the full report.,ปฏิกิริยา,_______ขั้นต้นจากนักวิทยาศาสตร์คือ ขอรอดูรายงานฉบับเต็ม
regime,ระบอบ,พวกเราเชื่อกันว่า การสิ้นสุดระบอบทักษิณ หมายถึงการสิ้นสุดการจำกัดเสรีภาพของสื่อมวลชนด้วย,We believed that the end of the Thaksin regime also meant the end of restrictions of the media freedom.,regime,We believed that the end of the Thaksin _______ also meant the end of restrictions of the media freedom.,ระบอบ,พวกเราเชื่อกันว่า การสิ้นสุด_______ทักษิณ หมายถึงการสิ้นสุดการจำกัดเสรีภาพของสื่อมวลชนด้วย
"register, v. (create an official record)",จดทะเบียน,นักวิจัยได้จดทะเบียนสิทธิบัตรสำหรับเทคโนโลยีนี้แล้ว,The researcher has registered a patent for this technology.,register,The researcher has _______ a patent for this technology.,จดทะเบียน,นักวิจัยได้_______สิทธิบัตรสำหรับเทคโนโลยีนี้แล้ว
"reject, v.",ปฏิเสธ,มิโลเซวิค ยืนกรานปฏิเสธที่จะรับผิดชอบเหตุการณ์นองเลือด,Milosevic firmly rejected responsibility for the bloodshed.,reject,Milosevic firmly _______ responsibility for the bloodshed.,ปฏิเสธ,มิโลเซวิค ยืนกราน_______ที่จะรับผิดชอบเหตุการณ์นองเลือด
"relax, (reduce)",ผ่อนปรน,การผ่อนปรนกฎเกณฑ์อาจจะส่งผลกระทบต่อการทำมาหากินของคนส่วนใหญ่,Relaxing the regulations might affect the livelihood of most people.,relax,Relaxing the regulations might affect the livelihood of most people.,ผ่อนปรน,การ_______กฎเกณฑ์อาจจะส่งผลกระทบต่อการทำมาหากินของคนส่วนใหญ่
research,วิจัย,คณะวิจัยจะสำรวจผลกระทบด้านสิ่งแวดล้อมเป็นระยะเวลา 10 ปี,The research team will survey the environmental impact for a period of 10 years.,research,The _______ team will survey the environmental impact for a period of 10 years.,วิจัย,คณะ_______จะสำรวจผลกระทบด้านสิ่งแวดล้อมเป็นระยะเวลา 10 ปี
resource,ทรัพยากร,เราสามารถสงวนทรัพยากรธรรมชาติ โดยการแบ่งปันการใช้ที่ดิน,We can conserve natural resources by sharing land.,resource,We can conserve natural _______ by sharing land.,ทรัพยากร,เราสามารถสงวน_______ธรรมชาติ โดยการแบ่งปันการใช้ที่ดิน
respond,ตอบสนอง,จีนตอบสนองอย่างรวดเร็วด้วยการกำหนดให้มีการประเมินสภาพการณ์และมูลค่าของระบบนิเวศน์ในประเทศ,China has responded promptly by requiring that action be taken to assess the situation and valuate the ecosystem in that country.,respond,China has _______ promptly by requiring that action be taken to assess the situation and valuate the ecosystem in that country.,ตอบสนอง,จีน_______อย่างรวดเร็วด้วยการกำหนดให้มีการประเมินสภาพการณ์และมูลค่าของระบบนิเวศน์ในประเทศ
restrict,จำกัด,ระบอบทักษิณจำกัดเสรีภาพของสื่อมวลชนในประเทศไทย,The Thaksin regime restricted the freedom of the media in Thailand.,restrict,The Thaksin regime _______ the freedom of the media in Thailand.,จำกัด,ระบอบทักษิณ_______เสรีภาพของสื่อมวลชนในประเทศไทย
reveal,เปิดเผย,โฆษกกระทรวงศึกษาธิการ เปิดเผยผลการประชุมคณะกรรมการการประถมศึกษาแห่งชาติ,A Ministry of Education spokesman revealed the results of the meeting of the National Primary Education Commission.,reveal,A Ministry of Education spokesman _______ the results of the meeting of the National Primary Education Commission.,เปิดเผย,โฆษกกระทรวงศึกษาธิการ _______ผลการประชุมคณะกรรมการการประถมศึกษาแห่งชาติ
revenue,รายได้,บริษัทต้องการปกป้องรายได้ประจำปีของบริษัทอย่างเต็มที่,The company is eager to protect its annual revenues.,revenue,The company is eager to protect its annual _______.,รายได้,บริษัทต้องการปกป้อง_______ประจำปีของบริษัทอย่างเต็มที่
revolution,การปฏิวัติ,ศิลปินใช้สีแดงแทนการปฏิวัติการทำงานของตัวศิลปินเอง,Artists use red to represent revolution in their work.,revolution,Artists use red to represent _______ in their work.,การปฏิวัติ,ศิลปินใช้สีแดงแทน_______การทำงานของตัวศิลปินเอง
route,เส้นทาง,ลูกหลานของตระกูลนี้ บ้างก็เดินบนเส้นทางธุรกิจ บ้างก็เป็นผู้นำในแวดวงการเมือง,"Some of the children in this family have gone the business route, others have become leaders in government.",route,"Some of the children in this family have gone the business _______, others have become leaders in government.",เส้นทาง,ลูกหลานของตระกูลนี้ บ้างก็เดินบน_______ธุรกิจ บ้างก็เป็นผู้นำในแวดวงการเมือง
scope,ขอบข่าย,ข้อตกลงแต่ละฉบับมีขอบข่ายแตกต่างกัน,Each of the agreements have a different scope.,scope,Each of the agreements have a different _______.,ขอบข่าย,ข้อตกลงแต่ละฉบับมี_______แตกต่างกัน
seek,แสวงหา,รัฐมนตรีต่างประเทศจะไปเยือนมอสโคว์เพื่อแสวงหาความสนับสนุน,"The Foreign Minister will visit Moscow, seeking support.",seek,"The Foreign Minister will visit Moscow, _______ support.",แสวงหา,รัฐมนตรีต่างประเทศจะไปเยือนมอสโคว์เพื่อ_______ความสนับสนุน
select,คัดเลือก,จีนหวังว่า เลขาธิการสหประชาชาติคนใหม่จะได้รับการคัดเลือกมาจากเอเซีย,China hopes that a new U.N. secretary general will be selected from Asia.,select,China hopes that a new U.N. secretary general will be _______ from Asia.,คัดเลือก,จีนหวังว่า เลขาธิการสหประชาชาติคนใหม่จะได้รับการ_______มาจากเอเซีย
"sex, (gender)",เพศ,เพศชายไวต่อรสเปรี้ยวมากกว่าเพศหญิง,The male gender is more sensitive to sour taste than the female gender.,sex,The male gender is more sensitive to sour taste than the female gender.,เพศ,_______ชายไวต่อรสเปรี้ยวมากกว่า_______หญิง
"sex, (sexual relations)",เพศสัมพันธ์,เขาถูกผู้พิพากษาตัดสินว่ามีความผิด คดีการมีเพศสัมพันธ์กับผู้เยาว์,He was found guilty of having sex with minors.,sex,He was found guilty of having _______ with minors.,เพศสัมพันธ์,เขาถูกผู้พิพากษาตัดสินว่ามีความผิด คดีการมี_______กับผู้เยาว์
simulation,การจำลอง,การทดสอบการชนเป็นการจำลองการชนขณะความเร็วรถต่ำ,The crash test is a simulation of low-speed crashes.,simulation,The crash test is a _______ of low-speed crashes.,การจำลอง,การทดสอบการชนเป็น_______การชนขณะความเร็วรถต่ำ
site,ที่ตั้ง,ในปี ค.ศ.1984 คณะทำงานจากกรมศิลปากรได้บังเอิญพบที่ตั้งของนครร้าง,"In 1984, a team from the Department of Fine Arts stumbled upon the site of the lost city.",site,"In 1984, a team from the Department of Fine Arts stumbled upon the _______ of the lost city.",ที่ตั้ง,ในปี ค.ศ.1984 คณะทำงานจากกรมศิลปากรได้บังเอิญพบ_______ของนครร้าง
"source, (general)",แหล่ง,ขณะนี้เรามีอิสระที่จะกำหนดหนังสือเรียนจากแหล่งต่างๆ ได้กว้างขวาง,Now we are free to create textbooks from a wide variety of sources.,source,Now we are free to create textbooks from a wide variety of _______.,แหล่ง,ขณะนี้เรามีอิสระที่จะกำหนดหนังสือเรียนจาก_______ต่างๆ ได้กว้างขวาง
"source, (news)",แหล่งข่าว,แหล่งข่าวแจ้งว่าพวกเขาต่างก็ได้รับการสนับสนุนจากสหรัฐ,Sources say that both of them receive support from the United States.,source,Sources say that both of them receive support from the United States.,แหล่งข่าว,_______แจ้งว่าพวกเขาต่างก็ได้รับการสนับสนุนจากสหรัฐ
specify,ระบุ,สิ่งที่เขาขอไม่ได้ถูกระบุออกมาชัดเจน,The thing he requested was not clearly specified.,specify,The thing he requested was not clearly _______.,ระบุ,สิ่งที่เขาขอไม่ได้ถูก_______ออกมาชัดเจน
"status, (condition)",สภาพ,การทราบสภาพเศรษฐกิจเป็นส่วนสำคัญของการเป็นนักธุรกิจที่ประสบความสำเร็จ,Knowing the status of the economy is an important part of being a successful businessman.,status,Knowing the _______ of the economy is an important part of being a successful businessman.,สภาพ,การทราบ_______เศรษฐกิจเป็นส่วนสำคัญของการเป็นนักธุรกิจที่ประสบความสำเร็จ
"status, (rank)",ฐานะ,นอกจากนั้นก็แบ่งตามอายุหรือว่าฐานะในสังคม,"Apart from that, they are categorized by age or social status.",status,"Apart from that, they are categorized by age or social _______.",ฐานะ,นอกจากนั้นก็แบ่งตามอายุหรือว่า_______ในสังคม
straightforward,ตรงไปตรงมา,เราต้องกล้าที่จะตั้งคำถามตรงไปตรงมากับรัฐบาลเฉพาะกาล,We must have courage to ask the interim government straighforward questions.,straightforward,We must have courage to ask the interim government _______ questions.,ตรงไปตรงมา,เราต้องกล้าที่จะตั้งคำถาม_______กับรัฐบาลเฉพาะกาล
"strategy, (tactic)",ยุทธวิธี,ยุทธวิธีของชาวกรีกก็คือการทำลายกองทัพเรือของเปอร์เซีย,The Greek strategy was to defeat the Persian navy.,strategy,The Greek _______ was to defeat the Persian navy.,ยุทธวิธี,_______ของชาวกรีกก็คือการทำลายกองทัพเรือของเปอร์เซีย
"stress, n.",ความเครียด,การทำสมาธิประจำวันจะช่วยผ่อนคลายความเครียดในใจ,Daily meditation can help to ease mental stress.,stress,Daily meditation can help to ease mental _______.,ความเครียด,การทำสมาธิประจำวันจะช่วยผ่อนคลาย_______ในใจ
"structure, (framework)",โครงสร้าง,โครงสร้างและสัดส่วนใบหน้าของชาวผิวขาวและชาวเอเชียมีความแตกต่างกัน,The facial structures and proportions of Caucasians and Asians are different.,structure,The facial _______ and proportions of Caucasians and Asians are different.,โครงสร้าง,_______และสัดส่วนใบหน้าของชาวผิวขาวและชาวเอเชียมีความแตกต่างกัน
"structure, (building)",สิ่งก่อสร้าง,กำแพงเมืองจีนหลงเหลืออยู่เพียงหนึ่งในสาม ซึ่งกระตุ้นให้เกิดข้อเรียกร้องให้คุ้มครองสิ่งก่อสร้างสำคัญแห่งนี้ก่อนสายเกินไป,"Barely one-third of China's Great Wall remains, prompting calls to protect the important structure before it is too late.",structure,"Barely one-third of China's Great Wall remains, prompting calls to protect the important _______ before it is too late.",สิ่งก่อสร้าง,กำแพงเมืองจีนหลงเหลืออยู่เพียงหนึ่งในสาม ซึ่งกระตุ้นให้เกิดข้อเรียกร้องให้คุ้มครอง_______สำคัญแห่งนี้ก่อนสายเกินไป
"style, n.",รูปแบบ,ครั้งหนึ่งเธอลองเขียนออกมาสองสามบทในรูปแบบอื่น,Once she wrote a couple of chapters in another style.,style,Once she wrote a couple of chapters in another _______.,รูปแบบ,ครั้งหนึ่งเธอลองเขียนออกมาสองสามบทใน_______อื่น
"style, n.",รูปแบบ,สินค้าหัตถกรรมไทยอาจมีรูปแบบออกจะโบราณสักหน่อย แต่มีชื่อเสียงในเรื่องความสวยงามและคงทน,"Thai handicrafts may be a bit conventional in style, but are well known for beauty and durability.",style,"Thai handicrafts may be a bit conventional in _______, but are well known for beauty and durability.",รูปแบบ,สินค้าหัตถกรรมไทยอาจมี_______ออกจะโบราณสักหน่อย แต่มีชื่อเสียงในเรื่องความสวยงามและคงทน
"submit, (present)",เสนอ,เมื่อได้ข้อสรุปอย่างไรแล้วก็จะนำเสนอคณะรัฐมนตรีต่อไป,Whatever conclusions are reached will then be submitted to the Cabinet.,submit,Whatever conclusions are reached will then be _______ to the Cabinet.,เสนอ,เมื่อได้ข้อสรุปอย่างไรแล้วก็จะนำ_______คณะรัฐมนตรีต่อไป
"substitute, v.",ใช้(...)แทน,ใช้น้ำผึ้งแทนน้ำตาล เพื่อปรุงรสหวานในน้ำชาหรืออาหาร,Substitute honey for sugar as a sweetener in your tea or foods.,substitute,Substitute honey for sugar as a sweetener in your tea or foods.,ใช้(...)แทน,ใช้น้ำผึ้งแทนน้ำตาล เพื่อปรุงรสหวานในน้ำชาหรืออาหาร
sufficient,เพียงพอ,ประเทศกำลังพัฒนาไม่มีความสามารถเพียงพอที่จะปฏิบัติตามนโยบาย,Developing countries don't have sufficient capacity to comply with the policy.,sufficient,Developing countries don't have _______ capacity to comply with the policy.,เพียงพอ,ประเทศกำลังพัฒนาไม่มีความสามารถ_______ที่จะปฏิบัติตามนโยบาย
summarize,สรุป,สรุปแล้วก็คือ ทุกวันนี้ นักเรียนไทยมีโอกาสที่จะไปเรียนต่อประเทศจีนได้หลากหลายทาง,"To summarize, nowadays Thai students have the opportunity to continue their education in China via various channels.",summarize,"To _______, nowadays Thai students have the opportunity to continue their education in China via various channels.",สรุป,_______แล้วก็คือ ทุกวันนี้ นักเรียนไทยมีโอกาสที่จะไปเรียนต่อประเทศจีนได้หลากหลายทาง
"supply, n. (economics)",อุปทาน,ถ้ามีความขัดแย้งเกิดขึ้น จะส่งผลกระทบต่ออุปทานน้ำมัน,"If conflicts arise, it will impact oil supplies.",supply,"If conflicts arise, it will impact oil _______.",อุปทาน,ถ้ามีความขัดแย้งเกิดขึ้น จะส่งผลกระทบต่อ_______น้ำมัน
supply and demand,อุปสงค์อุปทาน,ราคาข้าวในประเทศขึ้นอยู่กับอุปสงค์อุปทานของโลก,The domestic price of rice depends on global supply and demand.,supply and demand,The domestic price of rice depends on global _______ and demand.,อุปสงค์อุปทาน,ราคาข้าวในประเทศขึ้นอยู่กับ_______ของโลก
"survey, v.",สำรวจ,คณะวิจัยจะสำรวจผลกระทบด้านสิ่งแวดล้อมเป็นระยะเวลา 10 ปี,The research team will survey the environmental impact for a period of 10 years.,survey,The research team will _______ the environmental impact for a period of 10 years.,สำรวจ,คณะวิจัยจะ_______ผลกระทบด้านสิ่งแวดล้อมเป็นระยะเวลา 10 ปี
"survey, n.",การสำรวจ,นักดาราศาสตร์ได้ตรวจพบดาวเคราะห์น้อยในระหว่างการสำรวจระบบสุริยะส่วนนอก,Astronomers detected the asteroid during a survey of the outer solar system.,survey,Astronomers detected the asteroid during a _______ of the outer solar system.,การสำรวจ,นักดาราศาสตร์ได้ตรวจพบดาวเคราะห์น้อยในระหว่าง_______ระบบสุริยะส่วนนอก
symbol,สัญลักษณ์,สัญลักษณ์ต่าง ๆ ที่ปรากฎในความฝันบางเรื่องได้เปิดเผยให้เห็นความล่มสลายของจิตวิญญาณมนุษย์,Symbols appearing in some dreams reveal the collapse of the human spirit.,symbol,Symbols appearing in some dreams reveal the collapse of the human spirit.,สัญลักษณ์,_______ต่าง ๆ ที่ปรากฎในความฝันบางเรื่องได้เปิดเผยให้เห็นความล่มสลายของจิตวิญญาณมนุษย์
symbol,สัญลักษณ์,นายแมนเดลายังคงเป็นสัญลักษณ์ของความปรองดองและการรณรงค์สำหรับคนที่ด้อยโอกาสที่สุดของโลก,Mr Mandela remains a symbol of reconciliation and campaigner for the world's most disadvantaged.,symbol,Mr Mandela remains a _______ of reconciliation and campaigner for the world's most disadvantaged.,สัญลักษณ์,นายแมนเดลายังคงเป็น_______ของความปรองดองและการรณรงค์สำหรับคนที่ด้อยโอกาสที่สุดของโลก
"tape, (cassette, native word)",แถบบันทึก,จงหาหนังสือ แถบบันทึกเสียง ฯลฯ ในภาษาที่คุณต้องการสอนลูกของคุณ,"Have books, tapes, etc. in the language you wish to teach your child.",tape,"Have books, _______, etc. in the language you wish to teach your child.",แถบบันทึก,จงหาหนังสือ _______เสียง ฯลฯ ในภาษาที่คุณต้องการสอนลูกของคุณ
"tape, (cassette, loan word)",เทป,เธอแต่งบทละครวิทยุ แล้วขอร้องให้ผู้ใกล้ชิดแสดงแล้วบันทึกเทปบทละครไว้,She wrote radio plays and asked those around her to act and record the plays on tape.,tape,She wrote radio plays and asked those around her to act and record the plays on _______.,เทป,เธอแต่งบทละครวิทยุ แล้วขอร้องให้ผู้ใกล้ชิดแสดงแล้วบันทึก_______บทละครไว้
"tape, (record on cassette)",บันทึกเทป,เธอแต่งบทละครวิทยุ แล้วขอร้องให้ผู้ใกล้ชิดแสดงแล้วบันทึกเทปบทละครไว้,She wrote radio plays and asked those around her to act and record the plays on tape.,tape,She wrote radio plays and asked those around her to act and record the plays on _______.,บันทึกเทป,เธอแต่งบทละครวิทยุ แล้วขอร้องให้ผู้ใกล้ชิดแสดงแล้ว_______บทละครไว้
"target, n.",เป้าหมาย,เป้าหมายการกวาดล้างของญี่ปุ่นมีสองประเทศคือ ไทยกับฟิลิปปินส์,The two targets of the Japanese sweep operations were Thailand and the Philippines.,target,The two _______ of the Japanese sweep operations were Thailand and the Philippines.,เป้าหมาย,_______การกวาดล้างของญี่ปุ่นมีสองประเทศคือ ไทยกับฟิลิปปินส์
"team, (general)",ทีม,ทีมธรรมศาสตร์คว้ารางวัลชนะเลิศมาได้,The Thammasat team won the grand prize.,team,The Thammasat _______ won the grand prize.,ทีม,_______ธรรมศาสตร์คว้ารางวัลชนะเลิศมาได้
"team, (work)",ทีมงาน,ทีมงานหวังว่าจะนำระบบนี้มาใช้งานได้จริงในปี 2554,The team hopes that this system will be ready for use in 2011.,team,The _______ hopes that this system will be ready for use in 2011.,ทีมงาน,_______หวังว่าจะนำระบบนี้มาใช้งานได้จริงในปี 2554
technology,เทคโนโลยี,นักวิจัยได้จดทะเบียนสิทธิบัตรของเทคโนโลยีนี้แล้ว,The researcher has registered a patent for this technology.,technology,The researcher has registered a patent for this _______.,เทคโนโลยี,นักวิจัยได้จดทะเบียนสิทธิบัตรของ_______นี้แล้ว
temporary,ชั่วคราว,ขั้นแรกก็คือจัดให้มีรัฐบาลพลเรือนชั่วคราวขึ้นมา,The first step was to establish a temporary civilian government.,temporary,The first step was to establish a _______ civilian government.,ชั่วคราว,ขั้นแรกก็คือจัดให้มีรัฐบาลพลเรือน_______ขึ้นมา
theme,แก่นเรื่อง,หนังสือของเขามีแก่นเรื่องที่แปลกประหลาด จึงได้รับความสนใจมาก,His books had odd themes that aroused much attention.,theme,His books had odd _______ that aroused much attention.,แก่นเรื่อง,หนังสือของเขามี_______ที่แปลกประหลาด จึงได้รับความสนใจมาก
theory,ทฤษฎี,ไม่เคยมีทฤษฎีใดสามารถอธิบายเสียงเหล่านี้จนเป็นที่พอใจ,No theory has ever been able to satisfactorily explain these noises.,theory,No _______ has ever been able to satisfactorily explain these noises.,ทฤษฎี,ไม่เคยมี_______ใดสามารถอธิบายเสียงเหล่านี้จนเป็นที่พอใจ
transfer,ถ่ายโอน,ข้าวหลากสีผลิตด้วยการใช้สารเคมีถ่ายโอนยีนเข้าไปในข้าว,Multi-colored rice is produced by using chemicals to transfer a gene into the rice.,transfer,Multi-colored rice is produced by using chemicals to _______ a gene into the rice.,ถ่ายโอน,ข้าวหลากสีผลิตด้วยการใช้สารเคมี_______ยีนเข้าไปในข้าว
transmit,ส่งผ่าน,แสงได้รับการเปลี่ยนให้เป็นสัญญาณไฟฟ้า และส่งผ่านไปยังประสาทตา,Light is transformed into electrical signals and then transmitted to the optic nerves.,transmit,Light is _______ into electrical signals and then _______ to the optic nerves.,ส่งผ่าน,แสงได้รับการเปลี่ยนให้เป็นสัญญาณไฟฟ้า และ_______ไปยังประสาทตา
"transport, v.",ขนส่ง,รถไฟนั้นใช้ขนส่งสินค้าระหว่างเมืองต่าง ๆ,Trains are used to transport goods between various cities.,transport,Trains are used to _______ goods between various cities.,ขนส่ง,รถไฟนั้นใช้_______สินค้าระหว่างเมืองต่าง ๆ
"ultimate, (highest)",สูงสุด,เป้าหมายสูงสุดของรัฐบาลชุดปัจจุบัน คือการแก้ไขรัฐธรรมนูญ,The ultimate goal of the present government is to amend the constitution.,ultimate,The _______ goal of the present government is to amend the constitution.,สูงสุด,เป้าหมาย_______ของรัฐบาลชุดปัจจุบัน คือการแก้ไขรัฐธรรมนูญ
"uniform, n.",เครื่องแบบ,มีทหารคนหนึ่งยืนอยู่หน้าประตู แต่งกายด้วยเครื่องแบบสีเขียว,"There was a soldier standing at the door, dressed in a green uniform.",uniform,"There was a soldier standing at the door, dressed in a green _______.",เครื่องแบบ,มีทหารคนหนึ่งยืนอยู่หน้าประตู แต่งกายด้วย_______สีเขียว
"vehicle, (motor)",ยานพาหนะ,ผู้คนเดินทางไปมา ด้วยยานพาหนะประเภทต่างๆ,People travel in all sorts of vehicles.,vehicle,People travel in all sorts of _______.,ยานพาหนะ,ผู้คนเดินทางไปมา ด้วย_______ประเภทต่างๆ
"vehicle, (general)",พาหนะ,วัตรปฏิบัตินั้นเป็นพาหนะนำไปสู่การสอนธรรมะได้,Rituals can serve as a vehicle of dhamma teaching.,vehicle,Rituals can serve as a _______ of dhamma teaching.,พาหนะ,วัตรปฏิบัตินั้นเป็น_______นำไปสู่การสอนธรรมะได้
violate,ละเมิด,ท่านอาจารย์กล่าวด้วยว่า ประชาธิปไตยของไทยยังไม่เจริญเต็มที่ และการละเมิดกฎข้อบังคับบ่อยครั้งเกินไป เกิดอันตรายได้นะครับ,The professor also said that violating the regulations too often could be dangerous.,violate,The professor also said that _______ the regulations too often could be dangerous.,ละเมิด,ท่านอาจารย์กล่าวด้วยว่า ประชาธิปไตยของไทยยังไม่เจริญเต็มที่ และการ_______กฎข้อบังคับบ่อยครั้งเกินไป เกิดอันตรายได้นะครับ
"vision, (foresight)",วิสัยทัศน์,ประธานวุฒิสภาต้องมีอุดมคติ และมีวิสัยทัศน์,The president of the senate must have ideology and vision.,vision,The president of the senate must have ideology and _______.,วิสัยทัศน์,ประธานวุฒิสภาต้องมีอุดมคติ และมี_______
"volunteer, v.",อาสา,บรรณาธิการอาสาจะจัดพิมพ์นวนิยายเรื่องนี้ทันทีที่เสร็จสมบูรณ์,The editor volunteered to print the novel as soon as it was finished.,volunteer,The editor _______ to print the novel as soon as it was finished.,อาสา,บรรณาธิการ_______จะจัดพิมพ์นวนิยายเรื่องนี้ทันทีที่เสร็จสมบูรณ์
"volunteer, n.",อาสาสมัคร,ทันตแพทย์อาสาสมัครช่วยพิสูจน์เอกลักษณ์ศพมากมายที่เกิดจากคลื่นยักษ์,Volunteer dentists are helping to identify the many corpses left in the wake of the tsunami,volunteer,Volunteer dentists are helping to identify the many corpses left in the wake of the tsunami,อาสาสมัคร,ทันตแพทย์_______ช่วยพิสูจน์เอกลักษณ์ศพมากมายที่เกิดจากคลื่นยักษ์
"welfare, (well-being)",สวัสดิภาพ,เขาห่วงสวัสดิภาพของครอบครัว,He was concerned for the welfare of his family.,welfare,He was concerned for the _______ of his family.,สวัสดิภาพ,เขาห่วง_______ของครอบครัว
"welfare, (social program)",สวัสดิการ,รัฐบาลได้อนุมัติโครงการจัดสวัสดิการเร่งด่วนแก่ผู้ยากไร้,The government approved a program to provide urgent welfare to the underprivileged.,welfare,The government approved a program to provide urgent _______ to the underprivileged.,สวัสดิการ,รัฐบาลได้อนุมัติโครงการจัด_______เร่งด่วนแก่ผู้ยากไร้
